,memory_growth,logical_devices,core_freq,gpu_freq,emc_freq,num_cores,scheduler.policy,vm.swappiness,vm.vfs_cache_pressure,vm.dirty_background_ratio,vm.drop_caches,vm.nr_hugepages,vm.overcommit_ratio,vm.overcommit_memory,vm.overcommit_hugepages,kernel.sched_child_runs_first,kernel.sched_rt_runtime_us,vm.dirty_bytes,vm.dirty_background_bytes,vm.dirty_ratio,swap_memory,kernel.max_pids,kernel.sched_latency_ns,kernel.sched_nr_migrate,kernel.cpu_time_max_percent,kernel.sched_time_avg_ms,total_energy_consumption,bug_id,baseline
0,0.5,1,2265600,2112000,2133000000,4,0,60,100,10,0,1,60,1,1,0,500000,30,60,50,1,65536,24000000,128,50,1000,66930,0,cbi
0,0.5,2,2265600,2112000,1866000000,4,1,60,500,10,0,1,60,1,2,1,500000,30,60,50,1,65536,24000000,128,50,2000,66875,1,cbi
0,0.5,1,2265600,2112000,1866000000,4,0,60,100,10,0,1,60,1,2,0,500000,30,60,50,1,65536,24000000,128,50,1000,65515,2,cbi
0,0.5,1,2265600,2112000,1866000000,2,0,60,500,10,0,1,60,1,1,0,500000,30,60,50,1,65536,24000000,256,50,2000,75100,3,cbi
0,0.5,1,2265600,2112000,1866000000,4,1,60,500,10,0,1,60,1,1,0,500000,60,60,50,1,65536,24000000,128,50,2000,67435,4,cbi
0,0.5,1,2265600,2112000,1866000000,4,0,60,100,10,0,1,60,1,2,0,500000,30,60,50,1,65536,24000000,128,50,1000,65818,5,cbi
0,0.5,1,2265600,2112000,1866000000,2,0,60,500,10,0,1,60,1,1,0,500000,30,60,50,1,65536,24000000,256,50,2000,73373,6,cbi
0,0.5,1,2265600,2112000,2133000000,4,0,100,100,10,0,1,60,1,1,0,500000,60,60,50,1,65536,96000000,128,50,1000,55028,7,cbi
0,0.5,1,2265600,2112000,1866000000,4,1,60,500,10,0,1,60,1,1,0,500000,60,60,50,1,65536,24000000,128,50,2000,69233,8,cbi
0,0.5,1,2265600,2112000,1866000000,2,0,60,500,10,0,1,60,1,2,1,500000,30,60,50,1,65536,24000000,128,50,2000,73837,9,cbi
0,0.5,1,2265600,2112000,2133000000,4,0,60,100,10,0,1,60,1,1,0,500000,30,60,50,1,65536,24000000,128,50,1000,61252,10,cbi
0,0.5,1,2265600,2112000,1866000000,4,1,60,500,10,0,1,60,1,1,0,500000,60,60,50,1,65536,24000000,128,50,2000,67813,11,cbi
0,0.5,1,2265600,2112000,1866000000,2,0,60,500,10,0,1,60,1,2,0,500000,30,60,50,1,65536,24000000,128,50,2000,70849,12,cbi
0,0.5,1,2265600,2112000,1866000000,4,0,100,100,10,0,1,60,1,1,0,500000,60,60,50,1,65536,96000000,128,50,1000,63151,13,cbi
0,0.5,1,2265600,2112000,1866000000,4,1,100,100,10,0,1,60,1,1,0,500000,60,60,50,1,32768,96000000,128,50,1000,63337,14,cbi
0,0.5,1,2265600,2112000,2133000000,4,0,100,100,10,0,1,60,1,1,0,500000,30,60,50,1,65536,24000000,128,50,1000,64876,15,cbi
0,0.5,1,2265600,2112000,1866000000,4,1,100,100,10,0,1,60,1,1,0,500000,60,60,50,1,32768,96000000,128,50,1000,56721,16,cbi
0,0.5,1,2265600,2112000,1866000000,4,0,60,100,10,0,1,60,1,2,0,500000,30,60,50,1,65536,24000000,128,50,1000,68363,17,cbi
0,0.5,1,2265600,2112000,1866000000,2,0,60,500,10,0,1,60,1,1,0,500000,30,60,50,1,65536,24000000,256,50,2000,71675,18,cbi
0,0.5,1,2265600,2112000,1866000000,4,0,100,100,10,0,1,60,1,1,0,500000,60,60,50,1,65536,96000000,128,50,1000,57518,19,cbi
0,0.5,1,2265600,2112000,1866000000,4,0,100,100,10,0,1,60,1,1,0,500000,60,60,50,1,65536,96000000,128,50,1000,64396,20,cbi
0,0.5,2,2265600,2112000,1866000000,4,1,60,500,10,0,1,60,1,2,1,500000,30,60,50,1,65536,24000000,128,50,2000,68254,21,cbi
0,0.5,1,2265600,2112000,1866000000,4,0,60,100,10,0,1,60,1,2,0,500000,30,60,50,1,65536,24000000,128,50,1000,62471,22,cbi
0,0.5,2,2265600,2112000,1866000000,4,1,60,500,10,0,1,60,1,2,1,500000,30,60,50,1,65536,24000000,128,50,2000,68920,23,cbi
0,0.5,1,2265600,2112000,1866000000,4,0,100,100,10,0,1,60,1,1,0,500000,60,60,50,1,65536,24000000,128,100,1000,64919,24,cbi
0,0.5,2,2265600,2112000,1866000000,4,1,60,500,10,0,1,60,1,2,1,500000,30,60,50,1,65536,24000000,128,50,2000,68499,25,cbi
0,0.5,1,2265600,2112000,1866000000,4,0,60,100,10,0,1,60,1,2,0,500000,30,60,50,1,65536,24000000,128,50,2000,63045,26,cbi
0,0.5,1,2265600,2112000,1866000000,4,0,100,100,10,0,1,60,1,1,0,500000,60,60,50,1,65536,96000000,128,50,1000,60751,27,cbi
0,0.5,1,2265600,2112000,1866000000,4,1,100,100,10,0,1,60,1,1,0,500000,60,60,50,1,32768,96000000,128,50,1000,59293,28,cbi
0,0.5,2.0,2188800.0,268800.0,600000000.0,2.0,0.0,100.0,500.0,80.0,0.0,1.0,60,1.0,2.0,1.0,950000.0,30.0,60.0,50.0,1.0,32768.0,24000000.0,256,100.0,1000.0,77628,0,encore
0,0.9,1.0,1881600.0,1190400.0,2133000000.0,3.0,0.0,60.0,100.0,80.0,3.0,2.0,60,1.0,2.0,1.0,500000.0,60.0,60.0,5.0,4.0,65536.0,24000000.0,256,100.0,2000.0,80743,1,encore
0,0.5,2.0,1344000.0,1267200.0,800000000.0,4.0,0.0,60.0,500.0,10,3.0,1.0,50.0,0.0,2.0,1.0,950000.0,60.0,60.0,5,4.0,65536.0,24000000.0,128.0,50.0,1000.0,78029,2,encore
0,0.5,2.0,115200.0,1113600.0,204000000.0,2.0,0.0,100.0,100.0,10,3.0,2.0,60.0,0.0,2.0,1.0,950000.0,60.0,60.0,5,1.0,65536.0,24000000.0,256.0,50.0,1000.0,88122,3,encore
0,0.9,2.0,2265600.0,268800.0,1065600000.0,3.0,0.0,60.0,100.0,10.0,3.0,1.0,60,0.0,2.0,1.0,950000.0,60.0,30.0,5.0,4.0,32768.0,24000000.0,256,100.0,2000.0,80428,4,encore
0,0.5,2.0,2265600.0,1728000.0,204000000.0,2.0,0.0,100.0,500.0,10,0.0,2.0,60.0,0.0,1.0,0.0,500000.0,30.0,30.0,5,4.0,32768.0,24000000.0,256.0,100.0,1000.0,78306,5,encore
0,0.9,2.0,1113600.0,1420800.0,600000000.0,3.0,0.0,100.0,100.0,10,3.0,2.0,50.0,0.0,1.0,1.0,950000.0,30.0,30.0,5,4.0,32768.0,96000000.0,128.0,50.0,1000.0,86667,6,encore
0,0.5,1.0,729600.0,2265600.0,800000000.0,4.0,0.0,100.0,100.0,10.0,3.0,2.0,60.0,1,1,0.0,950000.0,60.0,30.0,50.0,1.0,65536.0,96000000.0,256.0,100.0,1000.0,67589,7,encore
0,0.9,2.0,192000.0,883200.0,800000000.0,2.0,0.0,60.0,100.0,80.0,3.0,2.0,60,1.0,2.0,1.0,950000.0,30.0,60.0,5.0,4.0,65536.0,24000000.0,256,50.0,2000.0,81806,8,encore
0,0.9,2.0,422400.0,345600.0,1065600000.0,2.0,0.0,60.0,100.0,10,3.0,2.0,60.0,1.0,1.0,1.0,950000.0,60.0,60.0,5,1.0,65536.0,24000000.0,128.0,50.0,1000.0,86553,9,encore
0,0.5,2.0,729600.0,1728000.0,408000000.0,1.0,1.0,100.0,500.0,10,3.0,1.0,60.0,1.0,1.0,0.0,950000.0,60.0,60.0,5,4.0,65536.0,96000000.0,128.0,50.0,2000.0,74445,10,encore
0,0.5,1.0,960000.0,2112000.0,1866000000.0,2.0,1.0,60.0,100.0,10.0,0.0,1.0,60,0.0,2.0,1.0,950000.0,60.0,30.0,50.0,4.0,65536.0,96000000.0,256,100.0,1000.0,80846,11,encore
0,0.9,2.0,1036800.0,422400.0,665600000.0,2.0,0.0,100.0,500.0,10,3.0,2.0,60.0,1.0,2.0,1.0,950000.0,60.0,30.0,5,1.0,65536.0,24000000.0,256.0,50.0,2000.0,84423,12,encore
0,0.9,1.0,729600.0,1190400.0,2133000000.0,2.0,0.0,60.0,500.0,10.0,3.0,2.0,60,0.0,2.0,1.0,500000.0,30.0,60.0,50.0,1.0,65536.0,24000000.0,256,100.0,2000.0,73807,13,encore
0,0.9,2.0,960000.0,576000.0,2133000000.0,2.0,0.0,100.0,500.0,10.0,3.0,2.0,60,0.0,1.0,0.0,950000.0,60.0,30.0,5.0,1.0,65536.0,96000000.0,256,100.0,2000.0,73409,14,encore
0,0.9,2.0,1036800.0,115200.0,665600000.0,4.0,0.0,100.0,500.0,10.0,0.0,1.0,60,0.0,1.0,0.0,500000.0,60.0,60.0,5.0,4.0,32768.0,24000000.0,256,100.0,1000.0,76021,15,encore
0,0.9,1.0,1113600.0,1113600.0,204000000.0,4.0,0.0,100.0,500.0,80.0,0.0,2.0,60,0.0,1.0,0.0,500000.0,30.0,30.0,5.0,4.0,32768.0,24000000.0,256,100.0,1000.0,69236,16,encore
0,0.9,2.0,1497600.0,499200.0,1331200000.0,3.0,1.0,100.0,100.0,10,3.0,2.0,60.0,1.0,2.0,0.0,500000.0,60.0,30.0,5,4.0,32768.0,96000000.0,256.0,100.0,1000.0,79878,17,encore
0,0.5,2.0,268800.0,2188800.0,1866000000.0,1.0,0.0,100.0,500.0,10,3.0,2.0,50.0,0.0,2.0,0.0,950000.0,60.0,60.0,5,1.0,32768.0,24000000.0,128.0,100.0,1000.0,86081,18,encore
0,0.9,1.0,1036800.0,1958400.0,1331200000.0,1.0,1.0,100.0,500.0,80.0,0.0,2.0,60,0.0,1.0,0.0,950000.0,60.0,60.0,50.0,4.0,32768.0,96000000.0,256,100.0,2000.0,70170,19,encore
0,0.5,2.0,2112000.0,1190400.0,408000000.0,1.0,1.0,100.0,500.0,80.0,0.0,2.0,60,1.0,1.0,0.0,950000.0,30.0,30.0,50.0,4.0,32768.0,96000000.0,256,100.0,2000.0,74567,20,encore
0,0.5,2.0,1651200.0,1420800.0,1331200000.0,4.0,1.0,100.0,100.0,80.0,3.0,2.0,60,0.0,2.0,1.0,500000.0,60.0,60.0,50.0,1.0,65536.0,24000000.0,256,50.0,1000.0,81940,21,encore
0,0.5,2.0,1267200.0,345600.0,408000000.0,1.0,0.0,100.0,100.0,10,3.0,1.0,60.0,0.0,1.0,1.0,950000.0,30.0,60.0,5,4.0,32768.0,24000000.0,256.0,50.0,2000.0,75967,22,encore
0,0.9,1.0,806400.0,2112000.0,1866000000.0,1.0,0.0,60.0,500.0,80.0,3.0,2.0,60,0.0,1.0,1.0,950000.0,30.0,30.0,50.0,4.0,65536.0,24000000.0,256,100.0,2000.0,82144,23,encore
0,0.9,1.0,2035200.0,268800.0,1331200000.0,2.0,0.0,60.0,100.0,80.0,0.0,2.0,60,1.0,1.0,0.0,500000.0,60.0,60.0,50.0,1.0,32768.0,96000000.0,256,50.0,2000.0,75116,24,encore
0,0.9,2.0,2112000.0,576000.0,800000000.0,4.0,0.0,60.0,100.0,10.0,0.0,2.0,60,1.0,2.0,1.0,950000.0,30.0,60.0,50.0,1.0,32768.0,96000000.0,256,50.0,1000.0,81975,25,encore
0,0.5,2.0,806400.0,2188800.0,1866000000.0,2.0,0.0,60.0,500.0,10,3.0,2.0,50.0,1.0,2.0,1.0,950000.0,30.0,30.0,5,1.0,32768.0,24000000.0,128.0,50.0,2000.0,76794,26,encore
0,0.5,1.0,1267200.0,192000.0,1331200000.0,1.0,1.0,60.0,100.0,10.0,0.0,1.0,60,0.0,1.0,0.0,950000.0,60.0,60.0,5.0,4.0,65536.0,96000000.0,256,100.0,1000.0,72238,27,encore
0,0.5,1.0,1651200.0,1651200.0,800000000.0,2.0,1.0,100.0,500.0,80.0,3.0,1.0,60,1.0,2.0,0.0,500000.0,30.0,60.0,5.0,1.0,32768.0,24000000.0,256,50.0,1000.0,70637,28,encore
0,0.5,2.0,499200.0,499200.0,600000000.0,2.0,0.0,100.0,500.0,80.0,0.0,1.0,50.0,1.0,2.0,1.0,950000.0,30.0,60.0,50.0,1.0,32768.0,24000000.0,128.0,100.0,1000.0,59526,0.0,bugdoc
0,0.5,2.0,1420800.0,1804800.0,600000000.0,2.0,0.0,100.0,500.0,80.0,0.0,1.0,50.0,1.0,2.0,1.0,950000.0,30.0,60.0,50.0,1.0,32768.0,24000000.0,128.0,100.0,1000.0,54622,0.0,bugdoc
0,0.5,2.0,499200.0,1804800.0,600000000.0,2.0,0.0,100.0,500.0,80.0,0.0,1.0,50.0,1.0,2.0,1.0,950000.0,30.0,60.0,50.0,1.0,32768.0,24000000.0,128.0,100.0,1000.0,56211,0.0,bugdoc
0,0.5,2.0,2188800.0,499200.0,600000000.0,2.0,0.0,100.0,500.0,10.0,0.0,1.0,50.0,1.0,2.0,0.0,950000.0,30.0,60.0,50.0,1.0,32768.0,96000000.0,128.0,100.0,1000.0,58033,0.0,bugdoc
0,0.5,2.0,2188800.0,499200.0,600000000.0,2.0,0.0,100.0,500.0,80.0,0.0,1.0,50.0,1.0,2.0,0.0,950000.0,30.0,60.0,50.0,1.0,32768.0,96000000.0,128.0,100.0,1000.0,56043,0.0,bugdoc
0,0.5,2.0,2188800.0,499200.0,1866000000.0,2.0,0.0,100.0,500.0,80.0,0.0,1.0,50.0,1.0,2.0,0.0,950000.0,30.0,60.0,50.0,1.0,32768.0,24000000.0,128.0,100.0,1000.0,56337,0.0,bugdoc
0,0.5,2.0,2188800.0,499200.0,600000000.0,2.0,0.0,100.0,500.0,80.0,0.0,1.0,50.0,1.0,2.0,1.0,950000.0,30.0,60.0,50.0,1.0,32768.0,96000000.0,128.0,100.0,1000.0,57210,0.0,bugdoc
0,0.5,2.0,499200.0,499200.0,1866000000.0,2.0,0.0,100.0,500.0,80.0,0.0,1.0,50.0,0.0,2.0,1.0,950000.0,30.0,60.0,50.0,1.0,32768.0,24000000.0,128.0,100.0,1000.0,52731,0.0,bugdoc
0,0.5,2.0,2188800.0,499200.0,1866000000.0,3.0,0.0,100.0,500.0,80.0,0.0,1.0,50.0,1.0,2.0,1.0,950000.0,30.0,60.0,50.0,1.0,32768.0,24000000.0,128.0,100.0,1000.0,57169,0.0,bugdoc
0,0.5,2.0,2188800.0,499200.0,408000000.0,2.0,0.0,100.0,500.0,80.0,0.0,1.0,50.0,1.0,2.0,1.0,950000.0,30.0,60.0,50.0,1.0,32768.0,24000000.0,128.0,100.0,1000.0,58160,0.0,bugdoc
0,0.5,2.0,499200.0,1804800.0,600000000.0,1.0,0.0,100.0,500.0,80.0,0.0,1.0,50.0,1.0,2.0,1.0,950000.0,30.0,60.0,50.0,1.0,32768.0,24000000.0,128.0,100.0,1000.0,53879,0.0,bugdoc
0,0.5,2.0,2188800.0,1804800.0,408000000.0,1.0,0.0,100.0,500.0,80.0,0.0,1.0,50.0,1.0,2.0,1.0,950000.0,30.0,60.0,50.0,1.0,32768.0,24000000.0,128.0,100.0,1000.0,56092,0.0,bugdoc
0,0.5,2.0,2265600.0,499200.0,600000000.0,2.0,0.0,100.0,500.0,80.0,0.0,1.0,50.0,1.0,2.0,1.0,950000.0,30.0,60.0,50.0,1.0,32768.0,24000000.0,128.0,100.0,1000.0,56152,0.0,bugdoc
0,0.5,2.0,2188800.0,499200.0,1866000000.0,1.0,0.0,100.0,500.0,80.0,0.0,1.0,50.0,1.0,2.0,1.0,950000.0,30.0,60.0,50.0,1.0,32768.0,24000000.0,128.0,100.0,1000.0,58535,0.0,bugdoc
0,0.5,2.0,2188800.0,499200.0,1866000000.0,1.0,0.0,100.0,500.0,80.0,0.0,1.0,50.0,1.0,2.0,1.0,950000.0,30.0,60.0,50.0,1.0,32768.0,96000000.0,128.0,100.0,1000.0,59618,0.0,bugdoc
0,0.5,2.0,2265600.0,499200.0,1866000000.0,1.0,0.0,100.0,500.0,80.0,0.0,1.0,50.0,1.0,2.0,1.0,950000.0,30.0,60.0,50.0,1.0,32768.0,24000000.0,128.0,100.0,1000.0,58204,0.0,bugdoc
0,0.9,1.0,1420800.0,1804800.0,2133000000.0,3.0,0.0,60.0,100.0,80.0,3.0,2.0,50.0,1.0,2.0,1.0,500000.0,60.0,60.0,5.0,4.0,65536.0,24000000.0,256.0,100.0,2000.0,58504,1.0,bugdoc
0,0.9,1.0,499200.0,499200.0,2133000000.0,3.0,0.0,60.0,100.0,80.0,3.0,2.0,50.0,1.0,2.0,1.0,500000.0,60.0,60.0,5.0,4.0,65536.0,24000000.0,256.0,100.0,2000.0,64163,1.0,bugdoc
0,0.9,1.0,499200.0,1804800.0,2133000000.0,3.0,0.0,60.0,100.0,80.0,3.0,2.0,50.0,1.0,2.0,1.0,500000.0,60.0,60.0,5.0,4.0,65536.0,24000000.0,256.0,100.0,2000.0,60503,1.0,bugdoc
0,0.9,1.0,1804800.0,499200.0,2133000000.0,3.0,0.0,60.0,100.0,80.0,3.0,2.0,50.0,1.0,2.0,1.0,500000.0,60.0,60.0,5.0,4.0,65536.0,24000000.0,256.0,100.0,2000.0,58570,1.0,bugdoc
0,0.9,1.0,499200.0,499200.0,2133000000.0,3.0,0.0,60.0,100.0,80.0,0.0,2.0,50.0,1.0,2.0,1.0,500000.0,60.0,60.0,5.0,4.0,65536.0,24000000.0,256.0,100.0,2000.0,65444,1.0,bugdoc
0,0.9,1.0,499200.0,499200.0,2133000000.0,3.0,0.0,60.0,100.0,80.0,3.0,2.0,50.0,1.0,2.0,1.0,500000.0,60.0,60.0,5.0,4.0,65536.0,24000000.0,256.0,100.0,2000.0,60553,1.0,bugdoc
0,0.9,1.0,1881600.0,268800.0,2133000000.0,3.0,0.0,60.0,100.0,80.0,3.0,2.0,50.0,1.0,2.0,1.0,500000.0,60.0,60.0,5.0,4.0,65536.0,24000000.0,256.0,100.0,2000.0,58960,1.0,bugdoc
0,0.9,1.0,1881600.0,268800.0,2133000000.0,2.0,0.0,60.0,100.0,80.0,3.0,2.0,50.0,1.0,2.0,1.0,500000.0,60.0,60.0,5.0,4.0,65536.0,24000000.0,256.0,100.0,2000.0,61483,1.0,bugdoc
0,0.9,1.0,1881600.0,268800.0,2133000000.0,2.0,0.0,100.0,100.0,80.0,3.0,2.0,50.0,1.0,2.0,1.0,500000.0,60.0,60.0,5.0,4.0,65536.0,24000000.0,256.0,100.0,2000.0,65555,1.0,bugdoc
0,0.9,1.0,2265600.0,1804800.0,2133000000.0,3.0,0.0,60.0,100.0,80.0,3.0,2.0,50.0,1.0,2.0,1.0,500000.0,60.0,60.0,5.0,4.0,65536.0,24000000.0,256.0,100.0,2000.0,60957,1.0,bugdoc
0,0.9,1.0,1881600.0,268800.0,2133000000.0,2.0,0.0,100.0,100.0,80.0,3.0,2.0,50.0,1.0,1.0,1.0,500000.0,30.0,60.0,5.0,4.0,65536.0,24000000.0,256.0,100.0,2000.0,58756,1.0,bugdoc
0,0.9,1.0,1881600.0,268800.0,2133000000.0,1.0,0.0,60.0,500.0,80.0,3.0,2.0,50.0,1.0,2.0,1.0,500000.0,60.0,60.0,5.0,4.0,65536.0,24000000.0,256.0,100.0,2000.0,61788,1.0,bugdoc
0,0.5,2.0,1344000.0,1804800.0,800000000.0,4.0,0.0,60.0,500.0,10.0,3.0,1.0,50.0,0.0,2.0,1.0,950000.0,60.0,60.0,5.0,4.0,65536.0,24000000.0,128.0,50.0,1000.0,58467,2.0,bugdoc
0,0.5,1.0,1420800.0,499200.0,600000000.0,4.0,0.0,60.0,500.0,10.0,3.0,1.0,50.0,0.0,2.0,1.0,950000.0,60.0,60.0,5.0,4.0,65536.0,24000000.0,128.0,50.0,1000.0,59032,2.0,bugdoc
0,0.5,2.0,1420800.0,499200.0,800000000.0,4.0,0.0,60.0,500.0,10.0,3.0,1.0,50.0,0.0,2.0,1.0,950000.0,60.0,60.0,5.0,4.0,32768.0,24000000.0,128.0,50.0,1000.0,56920,2.0,bugdoc
0,0.5,2.0,499200.0,499200.0,800000000.0,4.0,0.0,60.0,100.0,10.0,3.0,1.0,50.0,0.0,2.0,1.0,950000.0,60.0,60.0,5.0,4.0,65536.0,24000000.0,128.0,50.0,1000.0,54870,2.0,bugdoc
0,0.5,2.0,1420800.0,499200.0,600000000.0,4.0,0.0,60.0,500.0,10.0,3.0,1.0,50.0,0.0,2.0,1.0,500000.0,60.0,60.0,5.0,4.0,65536.0,24000000.0,128.0,50.0,1000.0,60119,2.0,bugdoc
0,0.5,2.0,1420800.0,499200.0,800000000.0,4.0,0.0,60.0,500.0,10.0,3.0,1.0,50.0,0.0,2.0,1.0,950000.0,60.0,60.0,5.0,4.0,65536.0,24000000.0,128.0,50.0,1000.0,60075,2.0,bugdoc
0,0.5,2.0,1344000.0,499200.0,800000000.0,4.0,0.0,60.0,500.0,10.0,3.0,1.0,50.0,0.0,2.0,1.0,950000.0,60.0,30.0,5.0,4.0,65536.0,24000000.0,128.0,50.0,1000.0,58285,2.0,bugdoc
0,0.5,2.0,499200.0,499200.0,800000000.0,4.0,0.0,60.0,500.0,10.0,3.0,1.0,50.0,0.0,2.0,1.0,950000.0,60.0,60.0,5.0,4.0,65536.0,24000000.0,128.0,50.0,1000.0,54987,2.0,bugdoc
0,0.5,2.0,499200.0,268800.0,800000000.0,2.0,0.0,60.0,500.0,10.0,3.0,1.0,50.0,0.0,2.0,1.0,950000.0,60.0,60.0,5.0,4.0,65536.0,24000000.0,128.0,50.0,1000.0,62043,2.0,bugdoc
0,0.5,2.0,1420800.0,499200.0,408000000.0,4.0,0.0,60.0,500.0,10.0,3.0,1.0,50.0,0.0,2.0,1.0,950000.0,60.0,60.0,5.0,4.0,65536.0,24000000.0,128.0,50.0,1000.0,57386,2.0,bugdoc
0,0.5,1.0,499200.0,499200.0,800000000.0,4.0,0.0,60.0,500.0,80.0,3.0,1.0,50.0,0.0,2.0,1.0,950000.0,60.0,60.0,5.0,4.0,65536.0,24000000.0,128.0,50.0,1000.0,59421,2.0,bugdoc
0,0.5,2.0,1344000.0,2265600.0,800000000.0,4.0,0.0,60.0,500.0,10.0,3.0,1.0,50.0,0.0,2.0,1.0,950000.0,60.0,30.0,5.0,4.0,65536.0,24000000.0,128.0,50.0,1000.0,60391,2.0,bugdoc
0,0.5,2.0,1344000.0,499200.0,800000000.0,4.0,0.0,60.0,500.0,10.0,3.0,1.0,50.0,0.0,2.0,1.0,500000.0,60.0,30.0,5.0,4.0,65536.0,24000000.0,128.0,50.0,2000.0,58362,2.0,bugdoc
0,0.5,1.0,1420800.0,499200.0,408000000.0,4.0,0.0,60.0,500.0,10.0,3.0,1.0,50.0,0.0,2.0,1.0,950000.0,60.0,60.0,5.0,4.0,65536.0,24000000.0,128.0,50.0,1000.0,61849,2.0,bugdoc
0,0.5,1.0,499200.0,499200.0,800000000.0,4.0,0.0,60.0,500.0,10.0,3.0,1.0,50.0,0.0,2.0,1.0,950000.0,60.0,60.0,5.0,4.0,65536.0,24000000.0,128.0,50.0,1000.0,61736,2.0,bugdoc
0,0.5,2.0,499200.0,2265600.0,800000000.0,4.0,0.0,60.0,500.0,10.0,0.0,1.0,50.0,0.0,2.0,1.0,950000.0,60.0,30.0,5.0,4.0,65536.0,24000000.0,128.0,50.0,1000.0,56751,2.0,bugdoc
0,0.5,2.0,499200.0,499200.0,204000000.0,2.0,0.0,100.0,100.0,10.0,3.0,2.0,60.0,0.0,2.0,1.0,950000.0,60.0,60.0,5.0,1.0,65536.0,24000000.0,256.0,50.0,1000.0,60691,3.0,bugdoc
0,0.5,2.0,1804800.0,499200.0,204000000.0,2.0,0.0,100.0,100.0,10.0,3.0,2.0,60.0,0.0,2.0,1.0,950000.0,60.0,60.0,5.0,1.0,65536.0,24000000.0,256.0,50.0,1000.0,63324,3.0,bugdoc
0,0.5,2.0,1420800.0,499200.0,1866000000.0,2.0,0.0,100.0,100.0,10.0,3.0,2.0,60.0,1.0,2.0,1.0,950000.0,60.0,60.0,5.0,1.0,65536.0,24000000.0,256.0,50.0,1000.0,66029,3.0,bugdoc
0,0.5,2.0,1420800.0,499200.0,600000000.0,1.0,0.0,100.0,100.0,10.0,3.0,2.0,60.0,1.0,2.0,1.0,950000.0,60.0,60.0,5.0,1.0,65536.0,24000000.0,256.0,50.0,1000.0,68494,3.0,bugdoc
0,0.5,2.0,499200.0,499200.0,204000000.0,2.0,0.0,100.0,100.0,10.0,3.0,2.0,60.0,0.0,2.0,1.0,950000.0,60.0,60.0,5.0,1.0,65536.0,24000000.0,256.0,50.0,1000.0,67915,3.0,bugdoc
0,0.5,2.0,499200.0,499200.0,204000000.0,1.0,0.0,100.0,100.0,10.0,3.0,2.0,60.0,0.0,2.0,1.0,950000.0,60.0,60.0,5.0,1.0,65536.0,24000000.0,256.0,50.0,1000.0,62378,3.0,bugdoc
0,0.5,2.0,499200.0,499200.0,204000000.0,2.0,0.0,100.0,100.0,10.0,3.0,2.0,60.0,0.0,2.0,0.0,950000.0,60.0,60.0,5.0,1.0,65536.0,24000000.0,256.0,50.0,1000.0,63735,3.0,bugdoc
0,0.5,2.0,1420800.0,499200.0,600000000.0,3.0,0.0,100.0,100.0,10.0,3.0,2.0,60.0,1.0,2.0,1.0,950000.0,60.0,60.0,5.0,1.0,65536.0,24000000.0,256.0,50.0,1000.0,60610,3.0,bugdoc
0,0.5,2.0,115200.0,268800.0,600000000.0,2.0,0.0,60.0,100.0,10.0,3.0,2.0,60.0,0.0,2.0,1.0,950000.0,60.0,60.0,5.0,1.0,65536.0,24000000.0,256.0,50.0,1000.0,66014,3.0,bugdoc
0,0.5,2.0,115200.0,268800.0,600000000.0,3.0,0.0,100.0,100.0,10.0,3.0,2.0,60.0,0.0,2.0,1.0,950000.0,60.0,60.0,5.0,1.0,65536.0,24000000.0,256.0,50.0,1000.0,64678,3.0,bugdoc
0,0.5,2.0,1420800.0,499200.0,204000000.0,1.0,0.0,100.0,100.0,10.0,3.0,2.0,60.0,0.0,2.0,1.0,950000.0,60.0,60.0,5.0,1.0,65536.0,24000000.0,256.0,50.0,1000.0,67760,3.0,bugdoc
0,0.5,2.0,499200.0,268800.0,204000000.0,2.0,0.0,60.0,100.0,10.0,3.0,2.0,60.0,0.0,2.0,1.0,950000.0,60.0,60.0,5.0,1.0,65536.0,24000000.0,256.0,50.0,1000.0,60776,3.0,bugdoc
0,0.5,2.0,115200.0,268800.0,1866000000.0,3.0,0.0,100.0,500.0,10.0,3.0,2.0,60.0,0.0,2.0,1.0,950000.0,60.0,60.0,5.0,1.0,65536.0,24000000.0,256.0,50.0,1000.0,61595,3.0,bugdoc
0,0.5,2.0,115200.0,268800.0,204000000.0,1.0,0.0,100.0,100.0,10.0,3.0,2.0,60.0,0.0,2.0,0.0,950000.0,60.0,60.0,5.0,1.0,65536.0,24000000.0,256.0,50.0,1000.0,66639,3.0,bugdoc
0,0.9,2.0,1420800.0,1804800.0,600000000.0,3.0,0.0,60.0,100.0,10.0,3.0,1.0,50.0,0.0,2.0,1.0,950000.0,60.0,30.0,5.0,4.0,32768.0,24000000.0,256.0,100.0,2000.0,56865,4.0,bugdoc
0,0.9,2.0,499200.0,499200.0,600000000.0,3.0,0.0,60.0,100.0,10.0,3.0,1.0,50.0,0.0,2.0,1.0,500000.0,60.0,30.0,5.0,4.0,32768.0,24000000.0,256.0,100.0,2000.0,60215,4.0,bugdoc
0,0.9,1.0,1420800.0,499200.0,600000000.0,3.0,0.0,60.0,100.0,10.0,3.0,1.0,50.0,0.0,2.0,1.0,950000.0,60.0,30.0,5.0,4.0,32768.0,24000000.0,256.0,100.0,2000.0,58528,4.0,bugdoc
0,0.9,2.0,1420800.0,499200.0,600000000.0,3.0,0.0,60.0,100.0,10.0,3.0,1.0,50.0,0.0,2.0,1.0,950000.0,60.0,30.0,5.0,4.0,32768.0,24000000.0,256.0,100.0,2000.0,62247,4.0,bugdoc
0,0.9,2.0,1420800.0,499200.0,600000000.0,3.0,0.0,60.0,100.0,10.0,3.0,1.0,50.0,0.0,2.0,1.0,950000.0,30.0,30.0,5.0,4.0,32768.0,24000000.0,256.0,100.0,2000.0,57114,4.0,bugdoc
0,0.9,2.0,499200.0,1804800.0,600000000.0,2.0,0.0,60.0,100.0,10.0,3.0,1.0,50.0,0.0,2.0,1.0,950000.0,60.0,30.0,5.0,4.0,32768.0,24000000.0,256.0,100.0,2000.0,58589,4.0,bugdoc
0,0.9,2.0,499200.0,499200.0,600000000.0,3.0,0.0,60.0,100.0,10.0,3.0,1.0,50.0,0.0,2.0,1.0,950000.0,60.0,30.0,5.0,4.0,32768.0,24000000.0,256.0,100.0,2000.0,60133,4.0,bugdoc
0,0.9,1.0,499200.0,499200.0,1065600000.0,3.0,0.0,60.0,100.0,10.0,3.0,1.0,50.0,0.0,2.0,1.0,950000.0,60.0,30.0,5.0,4.0,32768.0,24000000.0,256.0,100.0,2000.0,62769,4.0,bugdoc
0,0.9,2.0,1420800.0,499200.0,408000000.0,3.0,0.0,60.0,100.0,10.0,3.0,1.0,50.0,0.0,2.0,1.0,950000.0,60.0,30.0,5.0,4.0,32768.0,24000000.0,256.0,100.0,2000.0,64320,4.0,bugdoc
0,0.9,2.0,499200.0,499200.0,600000000.0,1.0,0.0,60.0,100.0,10.0,3.0,1.0,50.0,0.0,2.0,1.0,950000.0,60.0,30.0,5.0,4.0,32768.0,24000000.0,256.0,100.0,2000.0,60132,4.0,bugdoc
0,0.9,2.0,499200.0,499200.0,2133000000.0,3.0,0.0,60.0,100.0,10.0,3.0,1.0,50.0,0.0,2.0,1.0,950000.0,60.0,30.0,50.0,4.0,32768.0,24000000.0,256.0,100.0,2000.0,57536,4.0,bugdoc
0,0.9,2.0,2265600.0,1804800.0,204000000.0,3.0,0.0,60.0,100.0,10.0,3.0,1.0,50.0,0.0,2.0,1.0,950000.0,60.0,30.0,5.0,4.0,32768.0,24000000.0,256.0,100.0,2000.0,59398,4.0,bugdoc
0,0.9,1.0,1420800.0,499200.0,408000000.0,3.0,0.0,60.0,100.0,10.0,3.0,1.0,50.0,0.0,2.0,1.0,950000.0,60.0,30.0,5.0,4.0,32768.0,24000000.0,256.0,100.0,2000.0,57339,4.0,bugdoc
0,0.9,2.0,499200.0,1804800.0,600000000.0,1.0,0.0,60.0,100.0,10.0,3.0,1.0,50.0,0.0,2.0,1.0,950000.0,60.0,30.0,5.0,4.0,32768.0,24000000.0,256.0,100.0,2000.0,63675,4.0,bugdoc
0,0.9,2.0,499200.0,499200.0,2133000000.0,3.0,0.0,60.0,100.0,10.0,3.0,1.0,50.0,0.0,2.0,1.0,950000.0,60.0,30.0,5.0,4.0,32768.0,24000000.0,256.0,100.0,2000.0,62370,4.0,bugdoc
0,0.9,2.0,2265600.0,1804800.0,204000000.0,3.0,1.0,60.0,500.0,10.0,3.0,1.0,50.0,0.0,2.0,1.0,950000.0,60.0,30.0,5.0,4.0,32768.0,24000000.0,256.0,100.0,2000.0,59729,4.0,bugdoc
0,0.5,2.0,2265600.0,1804800.0,204000000.0,2.0,0.0,100.0,500.0,80.0,0.0,2.0,60.0,0.0,1.0,0.0,500000.0,30.0,60.0,5.0,4.0,32768.0,24000000.0,256.0,100.0,1000.0,58381,5.0,bugdoc
0,0.5,1.0,1420800.0,499200.0,600000000.0,2.0,0.0,100.0,500.0,80.0,0.0,2.0,60.0,0.0,1.0,0.0,500000.0,30.0,30.0,5.0,4.0,32768.0,24000000.0,256.0,100.0,1000.0,56373,5.0,bugdoc
0,0.5,2.0,1420800.0,499200.0,204000000.0,2.0,0.0,100.0,500.0,80.0,0.0,2.0,60.0,0.0,1.0,0.0,500000.0,30.0,30.0,5.0,4.0,32768.0,24000000.0,256.0,100.0,1000.0,60290,5.0,bugdoc
0,0.5,2.0,499200.0,499200.0,204000000.0,2.0,0.0,100.0,100.0,80.0,0.0,2.0,60.0,0.0,1.0,0.0,500000.0,30.0,30.0,5.0,4.0,32768.0,24000000.0,256.0,100.0,1000.0,58994,5.0,bugdoc
0,0.5,2.0,1420800.0,499200.0,600000000.0,2.0,0.0,100.0,500.0,80.0,0.0,2.0,60.0,0.0,1.0,0.0,500000.0,30.0,30.0,5.0,4.0,32768.0,24000000.0,256.0,100.0,1000.0,55854,5.0,bugdoc
0,0.5,2.0,1420800.0,499200.0,204000000.0,2.0,0.0,100.0,500.0,80.0,0.0,2.0,60.0,0.0,1.0,0.0,500000.0,30.0,30.0,5.0,4.0,65536.0,24000000.0,256.0,100.0,1000.0,57181,5.0,bugdoc
0,0.5,2.0,2265600.0,499200.0,204000000.0,2.0,0.0,100.0,500.0,80.0,0.0,2.0,60.0,0.0,1.0,0.0,950000.0,30.0,30.0,5.0,4.0,32768.0,24000000.0,256.0,100.0,1000.0,60404,5.0,bugdoc
0,0.5,2.0,499200.0,499200.0,204000000.0,2.0,0.0,100.0,500.0,80.0,0.0,2.0,60.0,0.0,1.0,0.0,500000.0,30.0,30.0,5.0,4.0,32768.0,24000000.0,256.0,100.0,1000.0,59410,5.0,bugdoc
0,0.5,2.0,499200.0,268800.0,204000000.0,2.0,0.0,100.0,500.0,80.0,0.0,2.0,60.0,0.0,1.0,0.0,500000.0,30.0,30.0,5.0,4.0,32768.0,24000000.0,256.0,100.0,1000.0,58832,5.0,bugdoc
0,0.5,2.0,1420800.0,499200.0,408000000.0,2.0,0.0,100.0,500.0,80.0,0.0,2.0,60.0,0.0,1.0,0.0,500000.0,30.0,30.0,5.0,4.0,32768.0,24000000.0,256.0,100.0,1000.0,60353,5.0,bugdoc
0,0.5,1.0,499200.0,499200.0,204000000.0,2.0,0.0,100.0,500.0,80.0,0.0,2.0,60.0,0.0,1.0,0.0,500000.0,30.0,30.0,5.0,4.0,32768.0,24000000.0,256.0,100.0,1000.0,55754,5.0,bugdoc
0,0.5,2.0,2265600.0,2265600.0,204000000.0,2.0,0.0,100.0,500.0,80.0,3.0,2.0,60.0,0.0,1.0,0.0,500000.0,30.0,30.0,5.0,4.0,32768.0,24000000.0,256.0,100.0,1000.0,60057,5.0,bugdoc
0,0.5,2.0,2265600.0,499200.0,204000000.0,2.0,0.0,100.0,500.0,80.0,0.0,2.0,60.0,0.0,1.0,0.0,500000.0,30.0,30.0,5.0,4.0,32768.0,24000000.0,256.0,100.0,2000.0,55114,5.0,bugdoc
0,0.5,1.0,1420800.0,499200.0,408000000.0,2.0,0.0,100.0,500.0,80.0,0.0,2.0,60.0,0.0,1.0,0.0,500000.0,30.0,30.0,5.0,4.0,32768.0,24000000.0,256.0,100.0,1000.0,57290,5.0,bugdoc
0,0.5,1.0,499200.0,499200.0,204000000.0,2.0,0.0,100.0,500.0,10.0,0.0,2.0,60.0,0.0,1.0,0.0,500000.0,30.0,30.0,5.0,4.0,32768.0,24000000.0,256.0,100.0,1000.0,60928,5.0,bugdoc
0,0.5,2.0,499200.0,2265600.0,204000000.0,2.0,0.0,100.0,500.0,80.0,0.0,2.0,60.0,0.0,1.0,0.0,500000.0,30.0,30.0,5.0,4.0,32768.0,24000000.0,256.0,100.0,1000.0,61149,5.0,bugdoc
0,0.9,2.0,499200.0,1420800.0,600000000.0,2.0,0.0,100.0,100.0,80.0,3.0,2.0,50.0,0.0,1.0,1.0,950000.0,30.0,30.0,50.0,4.0,32768.0,96000000.0,128.0,50.0,1000.0,65020,6.0,bugdoc
0,0.9,2.0,1420800.0,499200.0,600000000.0,1.0,0.0,100.0,100.0,80.0,3.0,2.0,50.0,0.0,1.0,1.0,950000.0,30.0,30.0,50.0,4.0,32768.0,96000000.0,128.0,50.0,1000.0,68499,6.0,bugdoc
0,0.9,2.0,1420800.0,499200.0,600000000.0,3.0,0.0,100.0,100.0,80.0,3.0,2.0,50.0,0.0,1.0,1.0,950000.0,30.0,30.0,50.0,4.0,32768.0,96000000.0,128.0,50.0,1000.0,60607,6.0,bugdoc
0,0.9,2.0,1420800.0,499200.0,600000000.0,3.0,0.0,100.0,100.0,80.0,3.0,2.0,50.0,0.0,1.0,1.0,950000.0,30.0,30.0,50.0,1.0,32768.0,96000000.0,128.0,50.0,1000.0,65047,6.0,bugdoc
0,0.9,2.0,1420800.0,499200.0,600000000.0,2.0,0.0,100.0,100.0,80.0,3.0,2.0,50.0,0.0,1.0,1.0,950000.0,30.0,30.0,50.0,4.0,32768.0,96000000.0,128.0,50.0,1000.0,62379,6.0,bugdoc
0,0.9,2.0,1420800.0,499200.0,600000000.0,3.0,0.0,100.0,100.0,80.0,3.0,2.0,50.0,1.0,1.0,1.0,950000.0,30.0,30.0,50.0,1.0,32768.0,96000000.0,128.0,50.0,1000.0,60539,6.0,bugdoc
0,0.9,2.0,499200.0,499200.0,600000000.0,1.0,0.0,100.0,100.0,80.0,3.0,2.0,50.0,0.0,1.0,1.0,950000.0,30.0,30.0,50.0,4.0,32768.0,96000000.0,128.0,50.0,1000.0,62809,6.0,bugdoc
0,0.9,2.0,1420800.0,499200.0,600000000.0,2.0,0.0,100.0,100.0,80.0,3.0,2.0,50.0,0.0,1.0,1.0,950000.0,60.0,30.0,50.0,4.0,32768.0,96000000.0,128.0,50.0,1000.0,62597,6.0,bugdoc
0,0.9,2.0,1420800.0,268800.0,600000000.0,3.0,0.0,60.0,100.0,80.0,3.0,2.0,50.0,0.0,1.0,1.0,950000.0,30.0,30.0,50.0,4.0,32768.0,96000000.0,128.0,50.0,1000.0,66729,6.0,bugdoc
0,0.9,2.0,499200.0,1804800.0,600000000.0,1.0,0.0,100.0,100.0,80.0,3.0,1.0,50.0,0.0,1.0,1.0,950000.0,30.0,30.0,50.0,4.0,32768.0,96000000.0,128.0,50.0,1000.0,65990,6.0,bugdoc
0,0.9,1.0,1420800.0,268800.0,600000000.0,3.0,0.0,100.0,100.0,80.0,3.0,2.0,50.0,0.0,1.0,1.0,950000.0,30.0,30.0,50.0,4.0,32768.0,96000000.0,128.0,50.0,1000.0,68340,6.0,bugdoc
0,0.9,2.0,499200.0,1804800.0,600000000.0,1.0,0.0,100.0,100.0,80.0,3.0,2.0,50.0,1.0,1.0,1.0,950000.0,30.0,30.0,50.0,4.0,32768.0,96000000.0,128.0,50.0,1000.0,65968,6.0,bugdoc
0,0.9,2.0,499200.0,268800.0,600000000.0,3.0,0.0,100.0,100.0,80.0,3.0,2.0,50.0,0.0,1.0,1.0,950000.0,30.0,30.0,50.0,4.0,32768.0,96000000.0,128.0,50.0,1000.0,66991,6.0,bugdoc
0,0.5,1.0,729600.0,499200.0,600000000.0,4.0,0.0,100.0,100.0,10.0,3.0,2.0,60.0,0.0,2.0,1.0,950000.0,60.0,30.0,50.0,1.0,65536.0,24000000.0,256.0,100.0,2000.0,52338,7.0,bugdoc
0,0.5,1.0,729600.0,499200.0,800000000.0,4.0,0.0,100.0,100.0,10.0,3.0,2.0,60.0,1.0,2.0,0.0,950000.0,60.0,30.0,50.0,1.0,65536.0,96000000.0,256.0,100.0,1000.0,53831,7.0,bugdoc
0,0.5,1.0,729600.0,499200.0,800000000.0,4.0,0.0,100.0,100.0,10.0,3.0,2.0,60.0,0.0,2.0,0.0,950000.0,60.0,30.0,50.0,1.0,65536.0,24000000.0,256.0,100.0,1000.0,52496,7.0,bugdoc
0,0.5,1.0,729600.0,499200.0,1866000000.0,4.0,0.0,100.0,100.0,10.0,3.0,2.0,60.0,0.0,2.0,0.0,950000.0,60.0,30.0,50.0,1.0,65536.0,96000000.0,256.0,100.0,1000.0,49249,7.0,bugdoc
0,0.5,1.0,729600.0,499200.0,600000000.0,4.0,0.0,100.0,100.0,10.0,3.0,2.0,60.0,0.0,1.0,1.0,950000.0,60.0,30.0,50.0,1.0,65536.0,96000000.0,256.0,100.0,1000.0,55516,7.0,bugdoc
0,0.5,1.0,729600.0,499200.0,1866000000.0,4.0,0.0,100.0,100.0,10.0,3.0,2.0,60.0,0.0,2.0,0.0,950000.0,60.0,30.0,50.0,1.0,65536.0,24000000.0,256.0,100.0,1000.0,49236,7.0,bugdoc
0,0.9,2.0,729600.0,499200.0,800000000.0,4.0,0.0,100.0,100.0,10.0,3.0,2.0,60.0,0.0,2.0,0.0,950000.0,60.0,30.0,50.0,1.0,65536.0,96000000.0,256.0,100.0,1000.0,51381,7.0,bugdoc
0,0.5,1.0,729600.0,2265600.0,600000000.0,4.0,0.0,100.0,100.0,10.0,3.0,2.0,60.0,0.0,2.0,0.0,950000.0,60.0,60.0,50.0,1.0,65536.0,96000000.0,256.0,100.0,1000.0,50559,7.0,bugdoc
0,0.5,1.0,729600.0,499200.0,800000000.0,4.0,0.0,100.0,100.0,10.0,3.0,2.0,60.0,0.0,2.0,0.0,950000.0,60.0,30.0,50.0,1.0,65536.0,96000000.0,256.0,100.0,1000.0,55875,7.0,bugdoc
0,0.5,1.0,729600.0,499200.0,800000000.0,4.0,0.0,100.0,100.0,10.0,3.0,2.0,60.0,0.0,2.0,1.0,950000.0,60.0,30.0,50.0,1.0,65536.0,96000000.0,256.0,100.0,1000.0,51995,7.0,bugdoc
0,0.9,1.0,729600.0,499200.0,800000000.0,4.0,0.0,100.0,100.0,10.0,3.0,2.0,60.0,0.0,2.0,0.0,950000.0,60.0,30.0,50.0,1.0,65536.0,96000000.0,256.0,100.0,1000.0,49501,7.0,bugdoc
0,0.5,1.0,729600.0,499200.0,1866000000.0,4.0,0.0,100.0,100.0,10.0,3.0,2.0,60.0,0.0,1.0,1.0,950000.0,60.0,30.0,50.0,1.0,65536.0,96000000.0,256.0,100.0,1000.0,50975,7.0,bugdoc
0,0.5,1.0,729600.0,499200.0,800000000.0,4.0,0.0,100.0,100.0,10.0,3.0,2.0,60.0,0.0,2.0,1.0,950000.0,60.0,30.0,50.0,1.0,65536.0,96000000.0,256.0,100.0,2000.0,55108,7.0,bugdoc
0,0.5,1.0,499200.0,2265600.0,800000000.0,4.0,0.0,60.0,100.0,10.0,3.0,2.0,60.0,0.0,2.0,0.0,950000.0,60.0,30.0,50.0,1.0,65536.0,96000000.0,256.0,100.0,1000.0,50204,7.0,bugdoc
0,0.5,1.0,1804800.0,2265600.0,800000000.0,1.0,0.0,100.0,100.0,10.0,3.0,2.0,60.0,0.0,2.0,0.0,950000.0,60.0,30.0,50.0,1.0,65536.0,96000000.0,256.0,100.0,1000.0,53006,7.0,bugdoc
0,0.5,1.0,729600.0,499200.0,2133000000.0,4.0,0.0,100.0,100.0,10.0,3.0,2.0,60.0,0.0,2.0,1.0,950000.0,60.0,30.0,50.0,1.0,65536.0,24000000.0,256.0,100.0,2000.0,50586,7.0,bugdoc
0,0.9,2.0,1420800.0,1804800.0,600000000.0,2.0,0.0,60.0,100.0,80.0,3.0,2.0,60.0,1.0,2.0,1.0,950000.0,30.0,60.0,5.0,4.0,65536.0,24000000.0,128.0,50.0,2000.0,60579,8.0,bugdoc
0,0.9,2.0,499200.0,499200.0,600000000.0,2.0,0.0,60.0,100.0,80.0,3.0,2.0,60.0,1.0,2.0,1.0,500000.0,30.0,60.0,5.0,4.0,65536.0,24000000.0,128.0,50.0,2000.0,61528,8.0,bugdoc
0,0.9,1.0,1420800.0,499200.0,600000000.0,2.0,0.0,60.0,100.0,80.0,3.0,2.0,60.0,1.0,2.0,1.0,950000.0,30.0,60.0,5.0,4.0,65536.0,24000000.0,128.0,50.0,2000.0,64542,8.0,bugdoc
0,0.9,2.0,1420800.0,499200.0,600000000.0,2.0,0.0,60.0,100.0,80.0,3.0,2.0,60.0,1.0,2.0,1.0,950000.0,60.0,60.0,5.0,4.0,65536.0,24000000.0,128.0,50.0,2000.0,58142,8.0,bugdoc
0,0.9,2.0,1420800.0,499200.0,600000000.0,2.0,0.0,60.0,100.0,80.0,3.0,2.0,60.0,1.0,2.0,1.0,950000.0,30.0,60.0,5.0,4.0,65536.0,24000000.0,128.0,50.0,2000.0,63230,8.0,bugdoc
0,0.9,2.0,499200.0,1804800.0,600000000.0,2.0,0.0,60.0,100.0,80.0,3.0,2.0,60.0,1.0,2.0,1.0,950000.0,30.0,60.0,5.0,4.0,65536.0,24000000.0,128.0,50.0,2000.0,64160,8.0,bugdoc
0,0.9,2.0,499200.0,499200.0,600000000.0,3.0,0.0,60.0,100.0,80.0,3.0,2.0,60.0,1.0,2.0,1.0,950000.0,30.0,60.0,5.0,4.0,65536.0,24000000.0,128.0,50.0,2000.0,64274,8.0,bugdoc
0,0.9,1.0,499200.0,499200.0,800000000.0,2.0,0.0,60.0,100.0,80.0,3.0,2.0,60.0,1.0,2.0,1.0,950000.0,30.0,60.0,5.0,4.0,65536.0,24000000.0,128.0,50.0,2000.0,61725,8.0,bugdoc
0,0.9,2.0,1420800.0,499200.0,408000000.0,2.0,0.0,60.0,100.0,80.0,3.0,2.0,60.0,1.0,2.0,1.0,950000.0,30.0,60.0,5.0,4.0,65536.0,24000000.0,128.0,50.0,2000.0,63798,8.0,bugdoc
0,0.9,2.0,499200.0,499200.0,600000000.0,1.0,0.0,60.0,100.0,80.0,3.0,2.0,60.0,1.0,2.0,1.0,950000.0,30.0,60.0,5.0,4.0,65536.0,24000000.0,128.0,50.0,2000.0,60311,8.0,bugdoc
0,0.9,2.0,499200.0,499200.0,2133000000.0,2.0,0.0,60.0,100.0,80.0,3.0,2.0,60.0,1.0,2.0,1.0,950000.0,30.0,30.0,50.0,4.0,65536.0,24000000.0,128.0,50.0,2000.0,62014,8.0,bugdoc
0,0.9,2.0,192000.0,1804800.0,204000000.0,2.0,0.0,60.0,100.0,80.0,3.0,2.0,60.0,1.0,2.0,1.0,950000.0,30.0,60.0,5.0,4.0,65536.0,24000000.0,128.0,50.0,2000.0,61995,8.0,bugdoc
0,0.9,1.0,1420800.0,499200.0,408000000.0,2.0,0.0,60.0,100.0,80.0,3.0,2.0,60.0,1.0,2.0,1.0,950000.0,30.0,60.0,5.0,4.0,65536.0,24000000.0,128.0,50.0,2000.0,60995,8.0,bugdoc
0,0.9,2.0,499200.0,1804800.0,600000000.0,1.0,0.0,60.0,100.0,80.0,3.0,2.0,60.0,1.0,2.0,1.0,950000.0,30.0,60.0,5.0,4.0,65536.0,24000000.0,128.0,50.0,2000.0,57320,8.0,bugdoc
0,0.9,2.0,499200.0,499200.0,2133000000.0,2.0,0.0,60.0,100.0,80.0,3.0,2.0,60.0,1.0,2.0,1.0,950000.0,30.0,30.0,5.0,4.0,65536.0,24000000.0,128.0,50.0,2000.0,60511,8.0,bugdoc
0,0.9,2.0,192000.0,1804800.0,204000000.0,2.0,1.0,60.0,500.0,80.0,3.0,2.0,60.0,1.0,2.0,1.0,950000.0,30.0,60.0,5.0,4.0,65536.0,24000000.0,128.0,50.0,2000.0,56886,8.0,bugdoc
0,0.9,2.0,422400.0,499200.0,1866000000.0,2.0,0.0,60.0,100.0,80.0,3.0,2.0,60.0,1.0,1.0,1.0,950000.0,60.0,60.0,5.0,1.0,65536.0,24000000.0,128.0,50.0,1000.0,63166,9.0,bugdoc
0,0.9,1.0,422400.0,499200.0,1065600000.0,2.0,0.0,60.0,100.0,80.0,3.0,2.0,60.0,1.0,1.0,1.0,950000.0,30.0,60.0,5.0,1.0,65536.0,24000000.0,128.0,50.0,1000.0,67005,9.0,bugdoc
0,0.9,2.0,422400.0,2265600.0,1065600000.0,2.0,0.0,60.0,100.0,80.0,3.0,2.0,60.0,1.0,1.0,1.0,950000.0,60.0,60.0,5.0,1.0,65536.0,24000000.0,128.0,50.0,1000.0,60311,9.0,bugdoc
0,0.9,2.0,422400.0,499200.0,600000000.0,2.0,0.0,60.0,100.0,80.0,3.0,2.0,60.0,1.0,1.0,1.0,950000.0,60.0,60.0,5.0,1.0,65536.0,24000000.0,128.0,50.0,1000.0,67523,9.0,bugdoc
0,0.9,1.0,422400.0,499200.0,1065600000.0,2.0,0.0,60.0,100.0,80.0,3.0,2.0,50.0,1.0,1.0,1.0,950000.0,60.0,60.0,5.0,1.0,65536.0,24000000.0,128.0,50.0,1000.0,67746,9.0,bugdoc
0,0.9,1.0,499200.0,499200.0,1065600000.0,2.0,0.0,60.0,100.0,80.0,3.0,2.0,60.0,1.0,1.0,1.0,950000.0,60.0,60.0,5.0,1.0,65536.0,24000000.0,128.0,50.0,1000.0,67543,9.0,bugdoc
0,0.9,2.0,422400.0,268800.0,600000000.0,2.0,0.0,60.0,100.0,80.0,3.0,2.0,60.0,1.0,1.0,1.0,950000.0,60.0,60.0,5.0,1.0,65536.0,24000000.0,128.0,50.0,1000.0,61706,9.0,bugdoc
0,0.9,1.0,1420800.0,499200.0,1065600000.0,2.0,0.0,60.0,100.0,80.0,3.0,2.0,60.0,1.0,1.0,1.0,950000.0,60.0,60.0,5.0,1.0,65536.0,24000000.0,128.0,50.0,1000.0,67117,9.0,bugdoc
0,0.9,2.0,422400.0,268800.0,1065600000.0,2.0,0.0,100.0,100.0,10.0,3.0,2.0,60.0,1.0,1.0,1.0,950000.0,60.0,60.0,5.0,1.0,65536.0,24000000.0,128.0,50.0,1000.0,62335,9.0,bugdoc
0,0.9,2.0,499200.0,268800.0,1065600000.0,2.0,0.0,100.0,100.0,80.0,3.0,2.0,60.0,1.0,1.0,1.0,950000.0,60.0,60.0,5.0,1.0,65536.0,24000000.0,128.0,50.0,1000.0,66428,9.0,bugdoc
0,0.9,2.0,499200.0,268800.0,204000000.0,2.0,0.0,60.0,100.0,80.0,3.0,2.0,60.0,1.0,1.0,1.0,950000.0,60.0,60.0,5.0,1.0,65536.0,24000000.0,128.0,50.0,1000.0,60534,9.0,bugdoc
0,0.9,2.0,499200.0,2265600.0,1065600000.0,2.0,0.0,60.0,100.0,80.0,3.0,2.0,60.0,1.0,1.0,1.0,950000.0,60.0,60.0,5.0,1.0,65536.0,24000000.0,128.0,50.0,1000.0,66151,9.0,bugdoc
0,0.5,2.0,729600.0,1804800.0,408000000.0,1.0,1.0,100.0,500.0,10.0,3.0,1.0,60.0,1.0,1.0,0.0,950000.0,60.0,60.0,50.0,4.0,65536.0,96000000.0,128.0,50.0,2000.0,58903,10.0,bugdoc
0,0.5,2.0,1420800.0,499200.0,408000000.0,1.0,1.0,100.0,500.0,10.0,3.0,1.0,60.0,1.0,1.0,0.0,950000.0,60.0,60.0,50.0,4.0,32768.0,96000000.0,128.0,50.0,2000.0,56933,10.0,bugdoc
0,0.5,2.0,499200.0,499200.0,408000000.0,1.0,1.0,100.0,100.0,10.0,3.0,1.0,60.0,1.0,1.0,0.0,950000.0,60.0,60.0,50.0,4.0,65536.0,96000000.0,128.0,50.0,2000.0,54209,10.0,bugdoc
0,0.5,2.0,1420800.0,499200.0,408000000.0,1.0,1.0,100.0,500.0,10.0,3.0,1.0,60.0,1.0,1.0,0.0,950000.0,60.0,60.0,50.0,4.0,65536.0,96000000.0,128.0,50.0,2000.0,56649,10.0,bugdoc
0,0.5,2.0,1420800.0,499200.0,408000000.0,1.0,1.0,100.0,500.0,10.0,3.0,1.0,60.0,1.0,1.0,0.0,950000.0,60.0,60.0,50.0,4.0,65536.0,96000000.0,128.0,50.0,2000.0,53644,10.0,bugdoc
0,0.5,2.0,729600.0,499200.0,408000000.0,1.0,1.0,100.0,500.0,10.0,3.0,1.0,60.0,1.0,1.0,0.0,950000.0,60.0,30.0,50.0,4.0,65536.0,96000000.0,128.0,50.0,2000.0,56710,10.0,bugdoc
0,0.5,2.0,1420800.0,499200.0,408000000.0,1.0,1.0,60.0,500.0,80.0,3.0,1.0,60.0,1.0,1.0,0.0,950000.0,60.0,60.0,50.0,4.0,65536.0,96000000.0,256.0,50.0,2000.0,54210,10.0,bugdoc
0,0.5,2.0,499200.0,499200.0,408000000.0,1.0,1.0,100.0,500.0,10.0,3.0,1.0,60.0,1.0,1.0,0.0,950000.0,60.0,60.0,50.0,4.0,65536.0,96000000.0,128.0,50.0,2000.0,53669,10.0,bugdoc
0,0.5,2.0,499200.0,499200.0,408000000.0,1.0,1.0,100.0,500.0,10.0,3.0,1.0,60.0,1.0,1.0,0.0,950000.0,60.0,30.0,50.0,4.0,65536.0,96000000.0,128.0,50.0,2000.0,53805,10.0,bugdoc
0,0.5,1.0,1420800.0,499200.0,408000000.0,1.0,1.0,100.0,500.0,80.0,3.0,1.0,60.0,1.0,1.0,0.0,950000.0,60.0,60.0,50.0,4.0,65536.0,96000000.0,128.0,50.0,2000.0,59907,10.0,bugdoc
0,0.5,2.0,499200.0,268800.0,408000000.0,2.0,1.0,100.0,500.0,10.0,3.0,1.0,60.0,1.0,1.0,0.0,950000.0,60.0,60.0,50.0,4.0,65536.0,96000000.0,128.0,50.0,2000.0,55491,10.0,bugdoc
0,0.5,2.0,2265600.0,499200.0,408000000.0,1.0,1.0,100.0,500.0,10.0,3.0,1.0,60.0,1.0,1.0,0.0,950000.0,60.0,30.0,50.0,4.0,65536.0,96000000.0,128.0,50.0,2000.0,56639,10.0,bugdoc
0,0.5,2.0,1420800.0,499200.0,408000000.0,1.0,1.0,60.0,500.0,80.0,3.0,1.0,60.0,1.0,1.0,0.0,950000.0,60.0,60.0,50.0,4.0,65536.0,96000000.0,128.0,50.0,2000.0,55889,10.0,bugdoc
0,0.5,2.0,729600.0,2265600.0,408000000.0,1.0,1.0,100.0,500.0,10.0,3.0,1.0,60.0,1.0,1.0,0.0,950000.0,60.0,30.0,50.0,4.0,65536.0,96000000.0,128.0,50.0,2000.0,59464,10.0,bugdoc
0,0.5,2.0,729600.0,499200.0,408000000.0,1.0,1.0,100.0,500.0,10.0,3.0,1.0,60.0,1.0,1.0,0.0,500000.0,60.0,30.0,50.0,4.0,65536.0,96000000.0,128.0,50.0,2000.0,58088,10.0,bugdoc
0,0.5,2.0,1420800.0,499200.0,408000000.0,1.0,1.0,100.0,500.0,10.0,3.0,1.0,60.0,1.0,1.0,1.0,950000.0,60.0,60.0,50.0,4.0,65536.0,96000000.0,128.0,50.0,2000.0,59860,10.0,bugdoc
0,0.5,2.0,499200.0,2265600.0,408000000.0,1.0,1.0,100.0,500.0,10.0,0.0,1.0,60.0,1.0,1.0,0.0,950000.0,60.0,30.0,50.0,4.0,65536.0,96000000.0,128.0,50.0,2000.0,56846,10.0,bugdoc
0,0.5,1.0,1420800.0,1804800.0,600000000.0,2.0,1.0,60.0,100.0,10.0,0.0,1.0,60.0,0.0,2.0,1.0,950000.0,60.0,30.0,50.0,4.0,65536.0,96000000.0,256.0,100.0,1000.0,56943,11.0,bugdoc
0,0.5,1.0,499200.0,499200.0,600000000.0,2.0,1.0,60.0,100.0,10.0,0.0,1.0,60.0,0.0,2.0,1.0,500000.0,60.0,30.0,50.0,4.0,65536.0,96000000.0,256.0,100.0,1000.0,62783,11.0,bugdoc
0,0.5,1.0,1420800.0,499200.0,600000000.0,2.0,1.0,60.0,100.0,10.0,0.0,1.0,60.0,0.0,2.0,1.0,950000.0,60.0,30.0,50.0,4.0,65536.0,96000000.0,256.0,100.0,1000.0,58230,11.0,bugdoc
0,0.5,2.0,1420800.0,499200.0,600000000.0,2.0,1.0,60.0,100.0,10.0,0.0,1.0,60.0,0.0,2.0,1.0,950000.0,60.0,30.0,50.0,4.0,65536.0,96000000.0,256.0,100.0,1000.0,60784,11.0,bugdoc
0,0.5,2.0,1420800.0,499200.0,600000000.0,2.0,1.0,60.0,100.0,10.0,0.0,1.0,60.0,0.0,2.0,1.0,950000.0,30.0,30.0,50.0,4.0,65536.0,96000000.0,256.0,100.0,1000.0,57326,11.0,bugdoc
0,0.5,1.0,499200.0,1804800.0,600000000.0,2.0,1.0,60.0,100.0,10.0,0.0,1.0,60.0,0.0,2.0,1.0,950000.0,60.0,30.0,50.0,4.0,65536.0,96000000.0,256.0,100.0,1000.0,62199,11.0,bugdoc
0,0.5,1.0,499200.0,499200.0,600000000.0,3.0,1.0,60.0,100.0,10.0,0.0,1.0,60.0,0.0,2.0,1.0,950000.0,60.0,30.0,50.0,4.0,65536.0,96000000.0,256.0,100.0,1000.0,57561,11.0,bugdoc
0,0.5,1.0,499200.0,499200.0,1866000000.0,2.0,1.0,60.0,100.0,10.0,0.0,1.0,60.0,0.0,2.0,1.0,950000.0,60.0,30.0,50.0,4.0,65536.0,96000000.0,256.0,100.0,1000.0,60234,11.0,bugdoc
0,0.5,2.0,1420800.0,499200.0,408000000.0,2.0,1.0,60.0,100.0,10.0,0.0,1.0,60.0,0.0,2.0,1.0,950000.0,60.0,30.0,50.0,4.0,65536.0,96000000.0,256.0,100.0,1000.0,60978,11.0,bugdoc
0,0.5,1.0,499200.0,499200.0,600000000.0,1.0,1.0,60.0,100.0,10.0,0.0,1.0,60.0,0.0,2.0,1.0,950000.0,60.0,30.0,50.0,4.0,65536.0,96000000.0,256.0,100.0,1000.0,57080,11.0,bugdoc
0,0.5,1.0,499200.0,499200.0,2133000000.0,2.0,1.0,60.0,100.0,10.0,0.0,1.0,60.0,0.0,2.0,1.0,950000.0,60.0,30.0,50.0,4.0,65536.0,96000000.0,256.0,100.0,1000.0,60505,11.0,bugdoc
0,0.5,1.0,960000.0,1804800.0,204000000.0,2.0,0.0,60.0,100.0,10.0,0.0,1.0,60.0,0.0,2.0,1.0,950000.0,60.0,30.0,50.0,4.0,65536.0,96000000.0,256.0,100.0,1000.0,63252,11.0,bugdoc
0,0.5,1.0,1420800.0,499200.0,408000000.0,2.0,1.0,60.0,100.0,10.0,0.0,1.0,60.0,0.0,2.0,1.0,950000.0,60.0,30.0,50.0,4.0,65536.0,96000000.0,256.0,100.0,1000.0,61591,11.0,bugdoc
0,0.5,1.0,499200.0,1804800.0,600000000.0,1.0,1.0,60.0,100.0,10.0,0.0,1.0,60.0,0.0,2.0,1.0,950000.0,60.0,30.0,50.0,4.0,65536.0,96000000.0,256.0,100.0,1000.0,62414,11.0,bugdoc
0,0.5,1.0,499200.0,499200.0,2133000000.0,2.0,1.0,60.0,100.0,10.0,0.0,1.0,60.0,0.0,2.0,1.0,950000.0,60.0,30.0,5.0,4.0,65536.0,96000000.0,256.0,100.0,1000.0,58836,11.0,bugdoc
0,0.5,1.0,960000.0,1804800.0,204000000.0,2.0,1.0,60.0,500.0,10.0,0.0,1.0,60.0,0.0,2.0,1.0,950000.0,60.0,30.0,50.0,4.0,65536.0,96000000.0,256.0,100.0,1000.0,60723,11.0,bugdoc
0,0.9,2.0,1036800.0,499200.0,1866000000.0,2.0,0.0,100.0,500.0,10.0,3.0,2.0,60.0,1.0,2.0,1.0,950000.0,60.0,30.0,5.0,1.0,65536.0,24000000.0,256.0,50.0,2000.0,66283,12.0,bugdoc
0,0.9,1.0,1036800.0,499200.0,665600000.0,2.0,0.0,100.0,500.0,10.0,3.0,2.0,60.0,1.0,2.0,1.0,950000.0,30.0,30.0,5.0,1.0,65536.0,24000000.0,256.0,50.0,2000.0,60076,12.0,bugdoc
0,0.9,2.0,1036800.0,2265600.0,665600000.0,2.0,0.0,100.0,500.0,10.0,3.0,2.0,60.0,1.0,2.0,1.0,950000.0,60.0,30.0,5.0,1.0,65536.0,24000000.0,256.0,50.0,2000.0,59568,12.0,bugdoc
0,0.9,2.0,1036800.0,499200.0,600000000.0,2.0,0.0,100.0,500.0,10.0,3.0,2.0,60.0,1.0,2.0,1.0,950000.0,60.0,30.0,5.0,1.0,65536.0,24000000.0,256.0,50.0,2000.0,60437,12.0,bugdoc
0,0.9,1.0,1036800.0,499200.0,665600000.0,2.0,0.0,100.0,500.0,10.0,3.0,2.0,50.0,1.0,2.0,1.0,950000.0,60.0,30.0,5.0,1.0,65536.0,24000000.0,256.0,50.0,2000.0,64248,12.0,bugdoc
0,0.9,1.0,499200.0,499200.0,665600000.0,2.0,0.0,100.0,500.0,10.0,3.0,2.0,60.0,1.0,2.0,1.0,950000.0,60.0,30.0,5.0,1.0,65536.0,24000000.0,256.0,50.0,2000.0,61189,12.0,bugdoc
0,0.9,2.0,1036800.0,268800.0,665600000.0,2.0,0.0,60.0,500.0,10.0,3.0,2.0,60.0,1.0,2.0,1.0,950000.0,60.0,30.0,5.0,1.0,65536.0,24000000.0,256.0,50.0,2000.0,63992,12.0,bugdoc
0,0.9,1.0,1420800.0,499200.0,665600000.0,2.0,0.0,100.0,500.0,10.0,3.0,2.0,60.0,1.0,2.0,1.0,950000.0,60.0,30.0,5.0,1.0,65536.0,24000000.0,256.0,50.0,2000.0,64982,12.0,bugdoc
0,0.9,2.0,1036800.0,268800.0,665600000.0,2.0,0.0,100.0,500.0,10.0,3.0,2.0,60.0,1.0,2.0,1.0,950000.0,60.0,30.0,5.0,1.0,65536.0,24000000.0,256.0,50.0,2000.0,61212,12.0,bugdoc
0,0.9,2.0,1036800.0,268800.0,665600000.0,2.0,0.0,100.0,500.0,10.0,3.0,2.0,60.0,1.0,1.0,1.0,950000.0,30.0,30.0,5.0,1.0,65536.0,24000000.0,256.0,50.0,2000.0,63578,12.0,bugdoc
0,0.9,2.0,1036800.0,2265600.0,665600000.0,2.0,0.0,100.0,500.0,10.0,3.0,2.0,60.0,0.0,2.0,1.0,950000.0,60.0,30.0,5.0,1.0,65536.0,24000000.0,256.0,50.0,2000.0,65564,12.0,bugdoc
0,0.9,2.0,1036800.0,268800.0,665600000.0,1.0,0.0,100.0,500.0,10.0,3.0,2.0,60.0,1.0,2.0,1.0,950000.0,60.0,30.0,5.0,1.0,65536.0,24000000.0,256.0,50.0,2000.0,60481,12.0,bugdoc
0,0.9,1.0,729600.0,499200.0,600000000.0,2.0,0.0,60.0,500.0,10.0,3.0,2.0,60.0,0.0,2.0,1.0,500000.0,30.0,60.0,50.0,1.0,65536.0,24000000.0,256.0,100.0,2000.0,53221,13.0,bugdoc
0,0.9,1.0,729600.0,499200.0,2133000000.0,2.0,0.0,60.0,500.0,10.0,3.0,2.0,60.0,1.0,2.0,1.0,500000.0,30.0,60.0,50.0,1.0,65536.0,24000000.0,256.0,100.0,2000.0,52534,13.0,bugdoc
0,0.9,1.0,729600.0,499200.0,2133000000.0,2.0,0.0,60.0,500.0,10.0,3.0,2.0,60.0,0.0,2.0,1.0,500000.0,30.0,60.0,50.0,1.0,65536.0,24000000.0,256.0,100.0,2000.0,57539,13.0,bugdoc
0,0.5,1.0,729600.0,499200.0,1866000000.0,2.0,0.0,60.0,500.0,10.0,3.0,2.0,60.0,0.0,2.0,0.0,500000.0,30.0,60.0,50.0,1.0,65536.0,96000000.0,256.0,100.0,2000.0,57625,13.0,bugdoc
0,0.9,1.0,729600.0,499200.0,600000000.0,2.0,0.0,60.0,500.0,10.0,3.0,2.0,60.0,0.0,1.0,1.0,500000.0,30.0,60.0,50.0,1.0,65536.0,24000000.0,256.0,100.0,1000.0,52679,13.0,bugdoc
0,0.9,1.0,729600.0,499200.0,1866000000.0,2.0,0.0,60.0,500.0,10.0,3.0,2.0,60.0,0.0,2.0,0.0,500000.0,30.0,60.0,50.0,1.0,65536.0,24000000.0,256.0,100.0,2000.0,51613,13.0,bugdoc
0,0.9,1.0,729600.0,2265600.0,2133000000.0,2.0,0.0,60.0,500.0,10.0,3.0,2.0,60.0,0.0,2.0,1.0,500000.0,30.0,60.0,50.0,1.0,65536.0,24000000.0,256.0,100.0,2000.0,52362,13.0,bugdoc
0,0.9,2.0,729600.0,499200.0,2133000000.0,2.0,0.0,60.0,500.0,10.0,3.0,2.0,60.0,0.0,2.0,0.0,500000.0,30.0,60.0,50.0,1.0,65536.0,96000000.0,256.0,100.0,2000.0,52644,13.0,bugdoc
0,0.9,1.0,729600.0,499200.0,2133000000.0,2.0,0.0,60.0,500.0,10.0,3.0,2.0,60.0,0.0,2.0,1.0,500000.0,30.0,60.0,50.0,1.0,65536.0,24000000.0,256.0,50.0,2000.0,51291,13.0,bugdoc
0,0.9,1.0,729600.0,499200.0,2133000000.0,2.0,0.0,60.0,500.0,10.0,3.0,2.0,60.0,0.0,2.0,1.0,500000.0,30.0,60.0,50.0,1.0,65536.0,24000000.0,256.0,100.0,1000.0,55375,13.0,bugdoc
0,0.9,1.0,729600.0,499200.0,2133000000.0,2.0,0.0,60.0,500.0,10.0,3.0,2.0,60.0,0.0,2.0,0.0,500000.0,30.0,60.0,50.0,1.0,65536.0,96000000.0,256.0,100.0,2000.0,52773,13.0,bugdoc
0,0.9,1.0,729600.0,499200.0,1866000000.0,2.0,0.0,60.0,500.0,10.0,3.0,2.0,60.0,0.0,1.0,1.0,500000.0,30.0,60.0,50.0,1.0,65536.0,24000000.0,256.0,100.0,1000.0,53551,13.0,bugdoc
0,0.9,1.0,729600.0,499200.0,2133000000.0,2.0,0.0,60.0,500.0,10.0,3.0,2.0,60.0,0.0,2.0,1.0,500000.0,30.0,60.0,50.0,1.0,65536.0,96000000.0,256.0,100.0,2000.0,56761,13.0,bugdoc
0,0.9,1.0,499200.0,2265600.0,2133000000.0,2.0,0.0,60.0,500.0,10.0,3.0,2.0,60.0,0.0,2.0,1.0,500000.0,30.0,30.0,50.0,1.0,65536.0,24000000.0,256.0,100.0,2000.0,53892,13.0,bugdoc
0,0.9,1.0,1804800.0,2265600.0,2133000000.0,1.0,0.0,60.0,500.0,10.0,3.0,2.0,60.0,0.0,2.0,1.0,500000.0,30.0,30.0,50.0,1.0,65536.0,24000000.0,256.0,100.0,2000.0,57533,13.0,bugdoc
0,0.9,1.0,729600.0,499200.0,2133000000.0,2.0,0.0,60.0,500.0,10.0,3.0,2.0,60.0,0.0,2.0,1.0,500000.0,30.0,60.0,50.0,1.0,65536.0,24000000.0,256.0,100.0,2000.0,53872,13.0,bugdoc
0,0.9,2.0,960000.0,499200.0,600000000.0,2.0,0.0,100.0,500.0,10.0,3.0,2.0,60.0,0.0,1.0,1.0,950000.0,60.0,30.0,5.0,1.0,65536.0,24000000.0,128.0,100.0,2000.0,50722,14.0,bugdoc
0,0.9,2.0,960000.0,1804800.0,600000000.0,2.0,0.0,100.0,500.0,10.0,3.0,2.0,60.0,0.0,1.0,0.0,950000.0,60.0,60.0,5.0,1.0,65536.0,96000000.0,128.0,100.0,2000.0,53232,14.0,bugdoc
0,0.9,2.0,960000.0,499200.0,2133000000.0,2.0,0.0,100.0,500.0,80.0,3.0,2.0,60.0,0.0,1.0,0.0,950000.0,60.0,30.0,5.0,1.0,65536.0,96000000.0,128.0,100.0,2000.0,49835,14.0,bugdoc
0,0.5,2.0,960000.0,499200.0,1866000000.0,2.0,0.0,100.0,500.0,10.0,3.0,2.0,60.0,0.0,1.0,0.0,950000.0,60.0,30.0,5.0,1.0,65536.0,96000000.0,128.0,100.0,2000.0,53064,14.0,bugdoc
0,0.9,2.0,960000.0,499200.0,600000000.0,2.0,0.0,100.0,500.0,10.0,3.0,2.0,60.0,0.0,1.0,1.0,950000.0,60.0,30.0,5.0,1.0,65536.0,96000000.0,128.0,100.0,1000.0,50746,14.0,bugdoc
0,0.9,2.0,960000.0,499200.0,1866000000.0,2.0,0.0,100.0,500.0,10.0,3.0,2.0,60.0,0.0,1.0,0.0,950000.0,60.0,30.0,5.0,1.0,65536.0,24000000.0,128.0,100.0,2000.0,52065,14.0,bugdoc
0,0.9,2.0,960000.0,499200.0,2133000000.0,2.0,0.0,100.0,500.0,10.0,3.0,2.0,60.0,0.0,1.0,0.0,950000.0,60.0,30.0,5.0,1.0,65536.0,96000000.0,128.0,100.0,2000.0,50479,14.0,bugdoc
0,0.9,1.0,960000.0,499200.0,2133000000.0,2.0,0.0,100.0,500.0,10.0,3.0,2.0,60.0,0.0,1.0,0.0,950000.0,60.0,30.0,5.0,1.0,65536.0,96000000.0,128.0,100.0,2000.0,50780,14.0,bugdoc
0,0.9,2.0,960000.0,499200.0,2133000000.0,2.0,0.0,100.0,500.0,10.0,3.0,2.0,60.0,0.0,1.0,0.0,950000.0,60.0,30.0,5.0,1.0,65536.0,96000000.0,128.0,100.0,2000.0,54228,14.0,bugdoc
0,0.9,2.0,960000.0,499200.0,2133000000.0,2.0,0.0,100.0,500.0,10.0,3.0,2.0,60.0,0.0,2.0,1.0,950000.0,60.0,30.0,5.0,1.0,65536.0,96000000.0,128.0,100.0,1000.0,52357,14.0,bugdoc
0,0.9,2.0,960000.0,499200.0,1866000000.0,2.0,0.0,100.0,500.0,10.0,3.0,2.0,60.0,0.0,1.0,1.0,950000.0,60.0,30.0,5.0,1.0,65536.0,96000000.0,128.0,100.0,1000.0,56082,14.0,bugdoc
0,0.9,1.0,960000.0,499200.0,2133000000.0,2.0,0.0,100.0,500.0,10.0,3.0,2.0,60.0,0.0,1.0,1.0,950000.0,60.0,30.0,5.0,1.0,65536.0,96000000.0,128.0,100.0,2000.0,55950,14.0,bugdoc
0,0.9,2.0,960000.0,1804800.0,408000000.0,2.0,0.0,100.0,500.0,10.0,3.0,2.0,60.0,0.0,1.0,0.0,950000.0,60.0,60.0,5.0,1.0,65536.0,96000000.0,128.0,100.0,2000.0,50773,14.0,bugdoc
0,0.9,2.0,960000.0,499200.0,2133000000.0,2.0,0.0,100.0,500.0,10.0,3.0,2.0,60.0,1.0,1.0,0.0,950000.0,60.0,30.0,5.0,1.0,65536.0,96000000.0,128.0,100.0,2000.0,51570,14.0,bugdoc
0,0.9,2.0,499200.0,2265600.0,2133000000.0,2.0,0.0,60.0,500.0,10.0,3.0,2.0,60.0,0.0,1.0,0.0,950000.0,60.0,30.0,5.0,1.0,65536.0,96000000.0,128.0,100.0,2000.0,51648,14.0,bugdoc
0,0.9,2.0,1804800.0,499200.0,2133000000.0,2.0,0.0,100.0,500.0,10.0,3.0,2.0,60.0,0.0,1.0,0.0,950000.0,60.0,30.0,5.0,1.0,65536.0,96000000.0,128.0,100.0,2000.0,50562,14.0,bugdoc
0,0.9,2.0,960000.0,499200.0,2133000000.0,2.0,0.0,100.0,500.0,10.0,3.0,2.0,60.0,0.0,1.0,1.0,950000.0,60.0,30.0,5.0,1.0,65536.0,24000000.0,128.0,100.0,2000.0,51677,14.0,bugdoc
0,0.9,2.0,960000.0,499200.0,2133000000.0,2.0,0.0,100.0,500.0,10.0,3.0,2.0,60.0,0.0,1.0,0.0,950000.0,60.0,60.0,5.0,1.0,65536.0,96000000.0,128.0,100.0,2000.0,56316,14.0,bugdoc
0,0.9,2.0,1036800.0,499200.0,665600000.0,4.0,0.0,100.0,500.0,10.0,0.0,1.0,50.0,0.0,1.0,1.0,500000.0,60.0,60.0,5.0,4.0,32768.0,24000000.0,128.0,100.0,2000.0,59457,15.0,bugdoc
0,0.9,2.0,1420800.0,1804800.0,600000000.0,4.0,0.0,100.0,500.0,10.0,0.0,1.0,50.0,0.0,1.0,0.0,500000.0,60.0,60.0,5.0,4.0,32768.0,24000000.0,128.0,100.0,1000.0,52432,15.0,bugdoc
0,0.9,2.0,499200.0,1804800.0,600000000.0,2.0,0.0,100.0,500.0,10.0,0.0,1.0,50.0,0.0,1.0,0.0,500000.0,60.0,60.0,5.0,4.0,32768.0,24000000.0,128.0,100.0,1000.0,55402,15.0,bugdoc
0,0.9,2.0,1036800.0,499200.0,665600000.0,3.0,0.0,100.0,500.0,10.0,0.0,1.0,50.0,0.0,1.0,0.0,500000.0,60.0,60.0,5.0,4.0,32768.0,96000000.0,128.0,100.0,1000.0,53147,15.0,bugdoc
0,0.5,2.0,1036800.0,499200.0,665600000.0,4.0,0.0,100.0,500.0,10.0,0.0,1.0,50.0,0.0,1.0,0.0,500000.0,60.0,60.0,5.0,4.0,65536.0,96000000.0,128.0,100.0,1000.0,55847,15.0,bugdoc
0,0.9,2.0,1036800.0,499200.0,600000000.0,4.0,0.0,100.0,500.0,10.0,0.0,1.0,50.0,0.0,1.0,1.0,500000.0,60.0,60.0,5.0,4.0,32768.0,24000000.0,128.0,100.0,1000.0,57889,15.0,bugdoc
0,0.9,2.0,1036800.0,499200.0,1866000000.0,4.0,0.0,100.0,500.0,10.0,0.0,1.0,50.0,0.0,1.0,0.0,500000.0,60.0,60.0,5.0,4.0,32768.0,24000000.0,128.0,100.0,1000.0,53529,15.0,bugdoc
0,0.9,1.0,1036800.0,499200.0,665600000.0,4.0,0.0,100.0,500.0,80.0,0.0,1.0,50.0,0.0,1.0,0.0,500000.0,60.0,60.0,5.0,4.0,32768.0,24000000.0,128.0,100.0,1000.0,56851,15.0,bugdoc
0,0.9,2.0,1036800.0,499200.0,665600000.0,4.0,0.0,100.0,500.0,10.0,0.0,1.0,50.0,0.0,2.0,1.0,500000.0,60.0,60.0,5.0,4.0,65536.0,24000000.0,128.0,100.0,1000.0,53193,15.0,bugdoc
0,0.9,2.0,1036800.0,499200.0,665600000.0,1.0,0.0,100.0,500.0,10.0,0.0,1.0,50.0,0.0,1.0,0.0,500000.0,60.0,60.0,5.0,4.0,32768.0,96000000.0,128.0,100.0,1000.0,54991,15.0,bugdoc
0,0.9,1.0,1036800.0,499200.0,665600000.0,4.0,0.0,100.0,500.0,10.0,0.0,1.0,50.0,0.0,1.0,1.0,500000.0,60.0,60.0,5.0,4.0,32768.0,96000000.0,128.0,100.0,2000.0,55720,15.0,bugdoc
0,0.9,2.0,1036800.0,499200.0,408000000.0,2.0,0.0,100.0,500.0,10.0,0.0,1.0,50.0,0.0,1.0,0.0,500000.0,60.0,60.0,5.0,4.0,32768.0,24000000.0,128.0,100.0,1000.0,52408,15.0,bugdoc
0,0.9,2.0,499200.0,1804800.0,600000000.0,1.0,0.0,100.0,500.0,10.0,0.0,1.0,50.0,0.0,1.0,0.0,500000.0,60.0,60.0,5.0,4.0,32768.0,24000000.0,128.0,100.0,1000.0,55450,15.0,bugdoc
0,0.9,2.0,1036800.0,1804800.0,408000000.0,1.0,0.0,100.0,500.0,10.0,0.0,1.0,50.0,0.0,1.0,0.0,500000.0,60.0,60.0,5.0,4.0,32768.0,24000000.0,128.0,100.0,1000.0,56667,15.0,bugdoc
0,0.9,1.0,1113600.0,499200.0,600000000.0,4.0,0.0,100.0,500.0,80.0,0.0,2.0,60.0,0.0,1.0,1.0,500000.0,30.0,30.0,5.0,4.0,32768.0,24000000.0,256.0,100.0,2000.0,55324,16.0,bugdoc
0,0.9,1.0,1113600.0,1804800.0,600000000.0,4.0,0.0,100.0,500.0,80.0,0.0,2.0,60.0,0.0,1.0,0.0,500000.0,30.0,60.0,5.0,4.0,32768.0,24000000.0,256.0,100.0,1000.0,50825,16.0,bugdoc
0,0.9,1.0,1113600.0,499200.0,204000000.0,4.0,0.0,100.0,500.0,80.0,0.0,2.0,60.0,0.0,1.0,0.0,500000.0,30.0,30.0,5.0,4.0,32768.0,24000000.0,256.0,100.0,1000.0,56356,16.0,bugdoc
0,0.5,1.0,1113600.0,499200.0,1866000000.0,4.0,0.0,100.0,500.0,80.0,0.0,2.0,60.0,0.0,1.0,0.0,500000.0,30.0,30.0,5.0,4.0,32768.0,96000000.0,256.0,100.0,1000.0,53596,16.0,bugdoc
0,0.9,1.0,1113600.0,499200.0,600000000.0,4.0,0.0,100.0,500.0,80.0,0.0,2.0,60.0,0.0,1.0,1.0,500000.0,30.0,30.0,5.0,4.0,32768.0,24000000.0,256.0,100.0,1000.0,51767,16.0,bugdoc
0,0.9,1.0,1113600.0,499200.0,1866000000.0,4.0,0.0,100.0,500.0,10.0,0.0,2.0,60.0,0.0,1.0,0.0,500000.0,30.0,30.0,5.0,4.0,32768.0,24000000.0,256.0,100.0,1000.0,52350,16.0,bugdoc
0,0.9,2.0,1113600.0,499200.0,204000000.0,4.0,0.0,100.0,500.0,80.0,0.0,2.0,60.0,0.0,1.0,0.0,500000.0,30.0,30.0,5.0,4.0,32768.0,96000000.0,256.0,100.0,1000.0,57097,16.0,bugdoc
0,0.9,1.0,1113600.0,499200.0,204000000.0,4.0,0.0,100.0,500.0,80.0,0.0,2.0,60.0,0.0,1.0,0.0,500000.0,30.0,30.0,5.0,4.0,32768.0,96000000.0,256.0,100.0,1000.0,56099,16.0,bugdoc
0,0.9,1.0,1113600.0,499200.0,204000000.0,4.0,0.0,100.0,500.0,10.0,0.0,2.0,60.0,0.0,1.0,0.0,500000.0,30.0,30.0,5.0,4.0,32768.0,24000000.0,256.0,100.0,1000.0,54731,16.0,bugdoc
0,0.9,1.0,1113600.0,499200.0,204000000.0,4.0,0.0,100.0,500.0,80.0,0.0,2.0,60.0,0.0,2.0,1.0,500000.0,30.0,30.0,5.0,4.0,65536.0,24000000.0,256.0,100.0,1000.0,57064,16.0,bugdoc
0,0.9,1.0,1113600.0,499200.0,1866000000.0,4.0,0.0,100.0,500.0,80.0,0.0,2.0,60.0,0.0,1.0,1.0,500000.0,30.0,30.0,5.0,4.0,32768.0,24000000.0,256.0,100.0,1000.0,51267,16.0,bugdoc
0,0.9,1.0,1113600.0,499200.0,204000000.0,4.0,0.0,100.0,500.0,80.0,0.0,2.0,60.0,0.0,1.0,1.0,500000.0,30.0,30.0,5.0,4.0,32768.0,96000000.0,256.0,100.0,2000.0,50132,16.0,bugdoc
0,0.9,1.0,1113600.0,1804800.0,408000000.0,4.0,0.0,100.0,500.0,80.0,0.0,2.0,60.0,0.0,1.0,0.0,500000.0,30.0,60.0,5.0,4.0,32768.0,24000000.0,256.0,100.0,2000.0,50548,16.0,bugdoc
0,0.9,1.0,1113600.0,499200.0,204000000.0,4.0,0.0,100.0,500.0,10.0,0.0,2.0,60.0,1.0,1.0,0.0,500000.0,30.0,30.0,5.0,4.0,32768.0,24000000.0,256.0,100.0,1000.0,53292,16.0,bugdoc
0,0.9,1.0,499200.0,2265600.0,204000000.0,4.0,0.0,60.0,500.0,80.0,0.0,2.0,60.0,0.0,1.0,0.0,500000.0,30.0,30.0,5.0,4.0,32768.0,24000000.0,256.0,100.0,1000.0,50160,16.0,bugdoc
0,0.9,1.0,1804800.0,499200.0,204000000.0,4.0,0.0,100.0,500.0,80.0,0.0,2.0,60.0,0.0,1.0,0.0,500000.0,30.0,30.0,5.0,4.0,32768.0,24000000.0,256.0,100.0,1000.0,55938,16.0,bugdoc
0,0.9,1.0,1113600.0,499200.0,2133000000.0,4.0,0.0,100.0,500.0,80.0,0.0,2.0,60.0,0.0,1.0,1.0,500000.0,30.0,30.0,5.0,4.0,32768.0,24000000.0,256.0,100.0,2000.0,52422,16.0,bugdoc
0,0.9,1.0,1113600.0,499200.0,204000000.0,4.0,0.0,100.0,500.0,80.0,0.0,2.0,60.0,0.0,1.0,0.0,500000.0,60.0,60.0,5.0,4.0,32768.0,24000000.0,256.0,100.0,1000.0,53428,16.0,bugdoc
0,0.9,2.0,1497600.0,1804800.0,1331200000.0,3.0,1.0,100.0,100.0,80.0,3.0,2.0,60.0,1.0,2.0,0.0,500000.0,60.0,60.0,5.0,4.0,32768.0,96000000.0,256.0,100.0,1000.0,55620,17.0,bugdoc
0,0.9,1.0,1420800.0,499200.0,600000000.0,3.0,1.0,100.0,100.0,80.0,3.0,2.0,60.0,1.0,2.0,0.0,500000.0,60.0,30.0,5.0,4.0,32768.0,96000000.0,256.0,100.0,1000.0,62068,17.0,bugdoc
0,0.9,2.0,1420800.0,499200.0,1331200000.0,3.0,1.0,100.0,100.0,80.0,3.0,2.0,60.0,1.0,2.0,0.0,500000.0,60.0,30.0,5.0,4.0,32768.0,96000000.0,256.0,100.0,1000.0,56911,17.0,bugdoc
0,0.9,2.0,499200.0,499200.0,1331200000.0,3.0,1.0,100.0,100.0,80.0,3.0,2.0,60.0,1.0,2.0,0.0,500000.0,60.0,30.0,5.0,4.0,32768.0,96000000.0,256.0,100.0,1000.0,58593,17.0,bugdoc
0,0.9,2.0,1420800.0,499200.0,600000000.0,3.0,1.0,100.0,100.0,80.0,3.0,2.0,60.0,1.0,2.0,0.0,500000.0,60.0,30.0,5.0,4.0,32768.0,96000000.0,256.0,100.0,1000.0,55558,17.0,bugdoc
0,0.9,2.0,1420800.0,499200.0,1331200000.0,3.0,1.0,100.0,100.0,80.0,3.0,2.0,60.0,1.0,2.0,0.0,500000.0,60.0,30.0,5.0,4.0,65536.0,96000000.0,256.0,100.0,1000.0,55713,17.0,bugdoc
0,0.9,2.0,1497600.0,499200.0,1331200000.0,3.0,1.0,100.0,100.0,80.0,3.0,2.0,60.0,1.0,2.0,0.0,950000.0,60.0,30.0,5.0,4.0,32768.0,96000000.0,256.0,100.0,1000.0,58122,17.0,bugdoc
0,0.9,2.0,499200.0,499200.0,1331200000.0,3.0,1.0,100.0,500.0,80.0,3.0,2.0,60.0,1.0,2.0,0.0,500000.0,60.0,30.0,5.0,4.0,32768.0,96000000.0,256.0,100.0,1000.0,57909,17.0,bugdoc
0,0.9,2.0,499200.0,268800.0,1331200000.0,2.0,1.0,100.0,100.0,80.0,3.0,2.0,60.0,1.0,2.0,0.0,500000.0,60.0,30.0,5.0,4.0,32768.0,96000000.0,256.0,100.0,1000.0,56636,17.0,bugdoc
0,0.9,2.0,1420800.0,499200.0,408000000.0,3.0,1.0,100.0,100.0,80.0,3.0,2.0,60.0,1.0,2.0,0.0,500000.0,60.0,30.0,5.0,4.0,32768.0,96000000.0,256.0,100.0,1000.0,55624,17.0,bugdoc
0,0.9,1.0,499200.0,499200.0,1331200000.0,3.0,1.0,100.0,100.0,80.0,3.0,2.0,60.0,1.0,2.0,0.0,500000.0,60.0,30.0,5.0,4.0,32768.0,96000000.0,256.0,100.0,1000.0,58404,17.0,bugdoc
0,0.9,2.0,1497600.0,2265600.0,1331200000.0,3.0,1.0,100.0,100.0,80.0,3.0,2.0,60.0,1.0,2.0,0.0,500000.0,60.0,30.0,5.0,4.0,32768.0,96000000.0,256.0,100.0,1000.0,61565,17.0,bugdoc
0,0.9,2.0,1497600.0,499200.0,1331200000.0,3.0,1.0,100.0,100.0,80.0,3.0,2.0,60.0,1.0,2.0,0.0,500000.0,60.0,30.0,5.0,4.0,32768.0,96000000.0,256.0,100.0,2000.0,62238,17.0,bugdoc
0,0.9,1.0,1420800.0,499200.0,408000000.0,3.0,1.0,100.0,100.0,80.0,3.0,2.0,60.0,1.0,2.0,0.0,500000.0,60.0,30.0,5.0,4.0,32768.0,96000000.0,256.0,100.0,1000.0,57541,17.0,bugdoc
0,0.9,1.0,499200.0,499200.0,1331200000.0,3.0,1.0,100.0,100.0,10.0,3.0,2.0,60.0,1.0,2.0,0.0,500000.0,60.0,30.0,5.0,4.0,32768.0,96000000.0,256.0,100.0,1000.0,59176,17.0,bugdoc
0,0.9,2.0,499200.0,2265600.0,1331200000.0,3.0,1.0,100.0,100.0,80.0,0.0,2.0,60.0,1.0,2.0,0.0,500000.0,60.0,30.0,5.0,4.0,32768.0,96000000.0,256.0,100.0,1000.0,59186,17.0,bugdoc
0,0.5,2.0,499200.0,499200.0,1866000000.0,2.0,0.0,100.0,500.0,80.0,3.0,2.0,50.0,0.0,2.0,0.0,950000.0,60.0,60.0,5.0,1.0,32768.0,24000000.0,128.0,100.0,1000.0,65800,18.0,bugdoc
0,0.5,2.0,1420800.0,1804800.0,1866000000.0,1.0,0.0,100.0,500.0,80.0,3.0,2.0,50.0,0.0,2.0,0.0,950000.0,60.0,60.0,5.0,1.0,32768.0,24000000.0,128.0,100.0,1000.0,65109,18.0,bugdoc
0,0.5,2.0,1420800.0,499200.0,1866000000.0,1.0,0.0,100.0,500.0,80.0,3.0,2.0,50.0,0.0,2.0,0.0,950000.0,60.0,60.0,5.0,1.0,32768.0,24000000.0,128.0,100.0,1000.0,61364,18.0,bugdoc
0,0.5,2.0,1420800.0,499200.0,1866000000.0,1.0,0.0,100.0,500.0,80.0,3.0,2.0,50.0,0.0,2.0,0.0,950000.0,60.0,60.0,5.0,1.0,65536.0,24000000.0,128.0,100.0,1000.0,62347,18.0,bugdoc
0,0.5,2.0,499200.0,499200.0,1866000000.0,1.0,0.0,100.0,500.0,80.0,3.0,2.0,50.0,0.0,2.0,0.0,950000.0,60.0,60.0,5.0,1.0,32768.0,24000000.0,128.0,100.0,1000.0,66513,18.0,bugdoc
0,0.5,2.0,268800.0,268800.0,600000000.0,1.0,0.0,60.0,500.0,80.0,3.0,2.0,50.0,0.0,2.0,0.0,950000.0,60.0,60.0,5.0,1.0,32768.0,24000000.0,128.0,100.0,1000.0,63524,18.0,bugdoc
0,0.5,2.0,1420800.0,1804800.0,1866000000.0,1.0,0.0,100.0,500.0,80.0,3.0,2.0,50.0,0.0,2.0,0.0,950000.0,60.0,60.0,5.0,4.0,32768.0,24000000.0,128.0,100.0,1000.0,62933,18.0,bugdoc
0,0.5,2.0,268800.0,268800.0,600000000.0,3.0,0.0,100.0,500.0,80.0,3.0,2.0,50.0,0.0,2.0,0.0,950000.0,60.0,60.0,5.0,1.0,32768.0,24000000.0,128.0,100.0,1000.0,61965,18.0,bugdoc
0,0.5,2.0,499200.0,1804800.0,1866000000.0,1.0,0.0,100.0,500.0,80.0,3.0,2.0,50.0,0.0,2.0,0.0,950000.0,60.0,60.0,5.0,1.0,32768.0,24000000.0,128.0,100.0,1000.0,64927,18.0,bugdoc
0,0.5,2.0,499200.0,268800.0,204000000.0,1.0,0.0,60.0,500.0,80.0,3.0,2.0,50.0,0.0,2.0,0.0,950000.0,60.0,60.0,5.0,1.0,32768.0,24000000.0,128.0,100.0,1000.0,66742,18.0,bugdoc
0,0.5,2.0,268800.0,268800.0,1866000000.0,3.0,0.0,100.0,500.0,80.0,3.0,2.0,50.0,0.0,2.0,0.0,950000.0,60.0,60.0,5.0,1.0,32768.0,24000000.0,128.0,100.0,1000.0,61064,18.0,bugdoc
0,0.5,2.0,268800.0,268800.0,1866000000.0,1.0,0.0,100.0,500.0,80.0,3.0,2.0,50.0,0.0,2.0,0.0,950000.0,60.0,60.0,5.0,1.0,32768.0,24000000.0,128.0,100.0,1000.0,69534,18.0,bugdoc
0,0.9,1.0,1036800.0,499200.0,600000000.0,1.0,1.0,100.0,500.0,80.0,0.0,2.0,50.0,0.0,1.0,1.0,950000.0,60.0,60.0,50.0,4.0,32768.0,24000000.0,256.0,100.0,2000.0,56989,19.0,bugdoc
0,0.9,1.0,1036800.0,499200.0,1331200000.0,1.0,1.0,100.0,500.0,80.0,0.0,2.0,50.0,1.0,1.0,0.0,950000.0,60.0,60.0,50.0,4.0,32768.0,96000000.0,256.0,100.0,2000.0,54486,19.0,bugdoc
0,0.9,1.0,1036800.0,499200.0,1866000000.0,1.0,1.0,100.0,500.0,80.0,0.0,2.0,50.0,0.0,1.0,0.0,950000.0,60.0,60.0,50.0,4.0,32768.0,24000000.0,256.0,100.0,2000.0,50985,19.0,bugdoc
0,0.9,1.0,1036800.0,499200.0,1331200000.0,1.0,1.0,100.0,500.0,80.0,0.0,2.0,50.0,0.0,1.0,0.0,950000.0,60.0,60.0,50.0,4.0,32768.0,96000000.0,256.0,100.0,2000.0,52286,19.0,bugdoc
0,0.5,1.0,1036800.0,499200.0,1331200000.0,1.0,1.0,100.0,500.0,80.0,0.0,2.0,50.0,0.0,1.0,0.0,950000.0,60.0,60.0,5.0,4.0,32768.0,96000000.0,256.0,100.0,2000.0,56102,19.0,bugdoc
0,0.9,1.0,1036800.0,499200.0,600000000.0,1.0,1.0,100.0,500.0,80.0,0.0,2.0,50.0,0.0,1.0,1.0,950000.0,60.0,60.0,50.0,4.0,32768.0,96000000.0,256.0,100.0,1000.0,56927,19.0,bugdoc
0,0.9,1.0,1036800.0,2265600.0,1331200000.0,1.0,1.0,100.0,500.0,80.0,0.0,2.0,50.0,0.0,1.0,0.0,950000.0,60.0,60.0,50.0,4.0,32768.0,96000000.0,256.0,100.0,2000.0,53583,19.0,bugdoc
0,0.9,2.0,1036800.0,499200.0,1331200000.0,1.0,1.0,100.0,500.0,80.0,0.0,2.0,50.0,0.0,1.0,0.0,950000.0,60.0,60.0,50.0,4.0,32768.0,96000000.0,256.0,100.0,2000.0,51607,19.0,bugdoc
0,0.9,1.0,1036800.0,499200.0,1331200000.0,1.0,1.0,100.0,500.0,80.0,0.0,2.0,50.0,0.0,1.0,0.0,950000.0,60.0,60.0,50.0,4.0,32768.0,96000000.0,256.0,50.0,2000.0,56088,19.0,bugdoc
0,0.9,1.0,1036800.0,499200.0,1331200000.0,1.0,1.0,100.0,500.0,80.0,0.0,2.0,50.0,0.0,1.0,0.0,950000.0,60.0,60.0,50.0,4.0,32768.0,96000000.0,256.0,100.0,2000.0,57028,19.0,bugdoc
0,0.9,1.0,1036800.0,499200.0,1331200000.0,1.0,1.0,100.0,500.0,80.0,0.0,2.0,50.0,0.0,2.0,1.0,950000.0,60.0,60.0,50.0,4.0,65536.0,96000000.0,256.0,100.0,1000.0,52346,19.0,bugdoc
0,0.9,1.0,1036800.0,499200.0,1866000000.0,1.0,1.0,100.0,500.0,80.0,0.0,2.0,50.0,0.0,1.0,1.0,950000.0,60.0,60.0,50.0,4.0,32768.0,96000000.0,256.0,100.0,1000.0,57034,19.0,bugdoc
0,0.9,1.0,1036800.0,499200.0,1331200000.0,1.0,1.0,100.0,500.0,80.0,0.0,2.0,50.0,0.0,1.0,1.0,950000.0,60.0,60.0,50.0,4.0,32768.0,96000000.0,256.0,100.0,2000.0,54703,19.0,bugdoc
0,0.9,1.0,499200.0,2265600.0,1331200000.0,1.0,1.0,60.0,500.0,80.0,0.0,2.0,50.0,0.0,1.0,0.0,950000.0,60.0,30.0,50.0,4.0,32768.0,96000000.0,256.0,100.0,2000.0,55844,19.0,bugdoc
0,0.9,1.0,1804800.0,2265600.0,1331200000.0,1.0,1.0,100.0,500.0,80.0,0.0,2.0,50.0,0.0,1.0,0.0,950000.0,60.0,30.0,50.0,4.0,32768.0,96000000.0,256.0,100.0,2000.0,51332,19.0,bugdoc
0,0.9,1.0,1036800.0,499200.0,2133000000.0,1.0,1.0,100.0,500.0,80.0,0.0,2.0,50.0,0.0,1.0,1.0,950000.0,60.0,60.0,50.0,4.0,32768.0,24000000.0,256.0,100.0,2000.0,55408,19.0,bugdoc
0,0.9,1.0,1036800.0,1420800.0,600000000.0,1.0,1.0,100.0,500.0,80.0,0.0,2.0,50.0,0.0,1.0,0.0,950000.0,60.0,60.0,50.0,4.0,32768.0,24000000.0,256.0,100.0,2000.0,56261,19.0,bugdoc
0,0.5,2.0,2112000.0,499200.0,600000000.0,1.0,1.0,100.0,500.0,80.0,0.0,2.0,50.0,1.0,1.0,1.0,950000.0,30.0,30.0,50.0,4.0,32768.0,24000000.0,128.0,100.0,2000.0,53012,20.0,bugdoc
0,0.5,2.0,2112000.0,499200.0,408000000.0,1.0,1.0,100.0,500.0,80.0,0.0,2.0,50.0,1.0,1.0,0.0,950000.0,30.0,30.0,50.0,4.0,32768.0,96000000.0,128.0,100.0,2000.0,51584,20.0,bugdoc
0,0.5,2.0,2112000.0,499200.0,408000000.0,1.0,1.0,100.0,500.0,80.0,0.0,2.0,50.0,0.0,1.0,0.0,950000.0,30.0,30.0,50.0,4.0,32768.0,96000000.0,128.0,100.0,2000.0,52131,20.0,bugdoc
0,0.5,2.0,2112000.0,499200.0,1866000000.0,1.0,1.0,100.0,500.0,80.0,0.0,2.0,50.0,1.0,1.0,0.0,950000.0,30.0,30.0,50.0,4.0,32768.0,96000000.0,128.0,100.0,2000.0,53896,20.0,bugdoc
0,0.5,2.0,2112000.0,499200.0,600000000.0,1.0,1.0,100.0,500.0,80.0,0.0,2.0,50.0,1.0,1.0,1.0,950000.0,30.0,30.0,50.0,4.0,32768.0,96000000.0,128.0,100.0,1000.0,50562,20.0,bugdoc
0,0.5,2.0,2112000.0,499200.0,1866000000.0,1.0,1.0,100.0,500.0,10.0,0.0,2.0,50.0,1.0,1.0,0.0,950000.0,30.0,30.0,50.0,4.0,32768.0,24000000.0,128.0,100.0,2000.0,54973,20.0,bugdoc
0,0.5,2.0,2112000.0,2265600.0,408000000.0,1.0,1.0,100.0,500.0,80.0,0.0,2.0,50.0,1.0,1.0,0.0,950000.0,30.0,60.0,50.0,4.0,32768.0,96000000.0,128.0,100.0,2000.0,56744,20.0,bugdoc
0,0.9,2.0,2112000.0,499200.0,408000000.0,1.0,1.0,100.0,500.0,80.0,0.0,2.0,50.0,1.0,1.0,0.0,950000.0,30.0,30.0,50.0,4.0,32768.0,96000000.0,128.0,100.0,2000.0,55040,20.0,bugdoc
0,0.5,2.0,2112000.0,499200.0,408000000.0,1.0,1.0,100.0,500.0,80.0,0.0,2.0,50.0,0.0,1.0,0.0,950000.0,30.0,30.0,50.0,4.0,32768.0,96000000.0,128.0,50.0,2000.0,56008,20.0,bugdoc
0,0.5,2.0,2112000.0,499200.0,408000000.0,1.0,1.0,100.0,500.0,80.0,0.0,2.0,50.0,1.0,2.0,1.0,950000.0,30.0,30.0,50.0,4.0,65536.0,96000000.0,128.0,100.0,1000.0,56725,20.0,bugdoc
0,0.9,1.0,2112000.0,499200.0,408000000.0,1.0,1.0,100.0,500.0,80.0,0.0,2.0,50.0,1.0,1.0,0.0,950000.0,30.0,30.0,50.0,4.0,32768.0,96000000.0,128.0,100.0,2000.0,52931,20.0,bugdoc
0,0.5,2.0,2112000.0,499200.0,1866000000.0,1.0,1.0,100.0,500.0,80.0,0.0,2.0,50.0,1.0,1.0,1.0,950000.0,30.0,30.0,50.0,4.0,32768.0,96000000.0,128.0,100.0,1000.0,51733,20.0,bugdoc
0,0.5,1.0,2112000.0,499200.0,408000000.0,1.0,1.0,100.0,500.0,80.0,0.0,2.0,50.0,1.0,1.0,1.0,950000.0,30.0,30.0,50.0,4.0,32768.0,96000000.0,128.0,100.0,2000.0,56179,20.0,bugdoc
0,0.5,2.0,499200.0,2265600.0,408000000.0,1.0,1.0,60.0,500.0,80.0,0.0,2.0,50.0,1.0,1.0,0.0,950000.0,30.0,30.0,50.0,4.0,32768.0,96000000.0,128.0,100.0,2000.0,53935,20.0,bugdoc
0,0.5,2.0,1804800.0,2265600.0,408000000.0,1.0,1.0,100.0,500.0,80.0,0.0,2.0,50.0,1.0,1.0,0.0,950000.0,30.0,30.0,50.0,4.0,32768.0,96000000.0,128.0,100.0,2000.0,53265,20.0,bugdoc
0,0.5,2.0,2112000.0,499200.0,2133000000.0,1.0,1.0,100.0,500.0,80.0,0.0,2.0,50.0,1.0,1.0,1.0,950000.0,30.0,30.0,50.0,4.0,32768.0,24000000.0,128.0,100.0,2000.0,56105,20.0,bugdoc
0,0.5,2.0,1420800.0,1804800.0,1331200000.0,4.0,1.0,100.0,100.0,80.0,3.0,2.0,50.0,0.0,2.0,1.0,500000.0,60.0,60.0,50.0,1.0,65536.0,24000000.0,128.0,50.0,1000.0,65832,21.0,bugdoc
0,0.5,2.0,499200.0,499200.0,1331200000.0,4.0,1.0,100.0,100.0,80.0,3.0,2.0,50.0,0.0,2.0,1.0,500000.0,60.0,60.0,50.0,1.0,65536.0,24000000.0,128.0,50.0,1000.0,65807,21.0,bugdoc
0,0.5,2.0,499200.0,1804800.0,1331200000.0,4.0,1.0,100.0,100.0,80.0,3.0,2.0,50.0,0.0,2.0,1.0,500000.0,60.0,60.0,50.0,1.0,65536.0,24000000.0,128.0,50.0,1000.0,64369,21.0,bugdoc
0,0.5,2.0,1651200.0,499200.0,1331200000.0,4.0,1.0,100.0,100.0,80.0,3.0,2.0,50.0,0.0,2.0,1.0,500000.0,60.0,60.0,50.0,1.0,65536.0,24000000.0,128.0,50.0,1000.0,62765,21.0,bugdoc
0,0.5,2.0,1804800.0,499200.0,1331200000.0,4.0,1.0,100.0,100.0,80.0,3.0,2.0,50.0,0.0,2.0,1.0,500000.0,60.0,60.0,50.0,1.0,65536.0,24000000.0,128.0,50.0,1000.0,66029,21.0,bugdoc
0,0.5,2.0,499200.0,499200.0,1331200000.0,4.0,1.0,100.0,100.0,80.0,3.0,2.0,50.0,0.0,2.0,1.0,500000.0,60.0,60.0,50.0,1.0,65536.0,24000000.0,128.0,50.0,1000.0,65129,21.0,bugdoc
0,0.5,2.0,499200.0,499200.0,1331200000.0,4.0,1.0,100.0,100.0,80.0,0.0,2.0,50.0,0.0,2.0,1.0,500000.0,60.0,60.0,50.0,1.0,65536.0,24000000.0,128.0,50.0,1000.0,58328,21.0,bugdoc
0,0.5,2.0,1651200.0,268800.0,1331200000.0,2.0,1.0,60.0,100.0,80.0,3.0,2.0,50.0,0.0,2.0,1.0,500000.0,60.0,60.0,50.0,1.0,65536.0,24000000.0,128.0,50.0,1000.0,60442,21.0,bugdoc
0,0.5,2.0,1651200.0,268800.0,1331200000.0,2.0,1.0,100.0,100.0,80.0,3.0,2.0,50.0,0.0,2.0,1.0,500000.0,60.0,60.0,50.0,1.0,65536.0,24000000.0,128.0,50.0,1000.0,60882,21.0,bugdoc
0,0.5,2.0,2265600.0,1804800.0,1331200000.0,4.0,1.0,60.0,100.0,80.0,3.0,2.0,50.0,0.0,2.0,1.0,500000.0,60.0,60.0,50.0,1.0,65536.0,24000000.0,128.0,50.0,1000.0,63575,21.0,bugdoc
0,0.5,2.0,1651200.0,268800.0,1331200000.0,2.0,1.0,100.0,100.0,80.0,3.0,2.0,50.0,0.0,1.0,1.0,500000.0,30.0,60.0,50.0,1.0,65536.0,24000000.0,128.0,50.0,1000.0,59578,21.0,bugdoc
0,0.5,2.0,1651200.0,268800.0,1331200000.0,1.0,1.0,100.0,500.0,80.0,3.0,2.0,50.0,0.0,2.0,1.0,500000.0,60.0,60.0,50.0,1.0,65536.0,24000000.0,128.0,50.0,1000.0,64021,21.0,bugdoc
0,0.5,2.0,1267200.0,1804800.0,408000000.0,1.0,0.0,100.0,100.0,10.0,3.0,1.0,60.0,0.0,1.0,1.0,950000.0,30.0,60.0,5.0,4.0,32768.0,24000000.0,256.0,50.0,2000.0,59388,22.0,bugdoc
0,0.5,1.0,1420800.0,499200.0,600000000.0,1.0,0.0,100.0,100.0,10.0,3.0,1.0,60.0,0.0,1.0,1.0,950000.0,30.0,60.0,5.0,4.0,32768.0,24000000.0,256.0,50.0,2000.0,54641,22.0,bugdoc
0,0.5,2.0,1420800.0,499200.0,408000000.0,1.0,0.0,100.0,100.0,10.0,3.0,1.0,60.0,0.0,1.0,1.0,950000.0,30.0,60.0,5.0,4.0,32768.0,24000000.0,256.0,50.0,2000.0,58027,22.0,bugdoc
0,0.5,2.0,499200.0,499200.0,408000000.0,1.0,0.0,100.0,100.0,10.0,3.0,1.0,60.0,0.0,1.0,1.0,950000.0,30.0,60.0,5.0,4.0,32768.0,24000000.0,256.0,50.0,2000.0,55808,22.0,bugdoc
0,0.5,2.0,1420800.0,499200.0,600000000.0,1.0,0.0,100.0,100.0,10.0,3.0,1.0,60.0,0.0,1.0,1.0,500000.0,30.0,60.0,5.0,4.0,32768.0,24000000.0,256.0,50.0,2000.0,58997,22.0,bugdoc
0,0.5,2.0,1420800.0,499200.0,408000000.0,1.0,0.0,100.0,100.0,10.0,3.0,1.0,60.0,0.0,1.0,1.0,950000.0,30.0,60.0,5.0,4.0,65536.0,24000000.0,256.0,50.0,2000.0,61256,22.0,bugdoc
0,0.5,2.0,1267200.0,499200.0,408000000.0,1.0,0.0,100.0,100.0,10.0,3.0,1.0,60.0,0.0,1.0,1.0,950000.0,30.0,30.0,5.0,4.0,32768.0,24000000.0,256.0,50.0,2000.0,61539,22.0,bugdoc
0,0.5,2.0,499200.0,499200.0,408000000.0,1.0,0.0,100.0,500.0,10.0,3.0,1.0,60.0,0.0,1.0,1.0,950000.0,30.0,60.0,5.0,4.0,32768.0,24000000.0,256.0,50.0,2000.0,55175,22.0,bugdoc
0,0.5,2.0,499200.0,268800.0,408000000.0,2.0,0.0,100.0,100.0,10.0,3.0,1.0,60.0,0.0,1.0,1.0,950000.0,30.0,60.0,5.0,4.0,32768.0,24000000.0,256.0,50.0,2000.0,58259,22.0,bugdoc
0,0.5,2.0,1420800.0,499200.0,408000000.0,1.0,0.0,100.0,100.0,10.0,3.0,1.0,60.0,0.0,1.0,1.0,950000.0,30.0,60.0,5.0,4.0,32768.0,24000000.0,256.0,50.0,2000.0,59530,22.0,bugdoc
0,0.5,1.0,499200.0,499200.0,408000000.0,1.0,0.0,100.0,100.0,80.0,3.0,1.0,60.0,0.0,1.0,1.0,950000.0,30.0,60.0,5.0,4.0,32768.0,24000000.0,256.0,50.0,2000.0,58868,22.0,bugdoc
0,0.5,2.0,1267200.0,2265600.0,408000000.0,1.0,0.0,100.0,100.0,10.0,3.0,1.0,60.0,0.0,1.0,1.0,950000.0,30.0,30.0,5.0,4.0,32768.0,24000000.0,256.0,50.0,2000.0,58808,22.0,bugdoc
0,0.5,2.0,1267200.0,499200.0,408000000.0,1.0,0.0,100.0,100.0,10.0,3.0,1.0,60.0,0.0,1.0,1.0,500000.0,30.0,30.0,5.0,4.0,32768.0,24000000.0,256.0,50.0,2000.0,54931,22.0,bugdoc
0,0.5,1.0,1420800.0,499200.0,408000000.0,1.0,0.0,100.0,100.0,10.0,3.0,1.0,60.0,0.0,1.0,1.0,950000.0,30.0,60.0,5.0,4.0,32768.0,24000000.0,256.0,50.0,2000.0,60839,22.0,bugdoc
0,0.5,1.0,499200.0,499200.0,408000000.0,1.0,0.0,100.0,100.0,10.0,3.0,1.0,60.0,0.0,1.0,1.0,950000.0,30.0,60.0,5.0,4.0,32768.0,24000000.0,256.0,50.0,2000.0,59197,22.0,bugdoc
0,0.5,2.0,499200.0,2265600.0,408000000.0,1.0,0.0,100.0,100.0,10.0,0.0,1.0,60.0,0.0,1.0,1.0,950000.0,30.0,30.0,5.0,4.0,32768.0,24000000.0,256.0,50.0,2000.0,60705,22.0,bugdoc
0,0.9,1.0,1420800.0,1804800.0,1866000000.0,1.0,0.0,60.0,500.0,80.0,3.0,2.0,60.0,0.0,1.0,1.0,950000.0,30.0,30.0,50.0,4.0,65536.0,24000000.0,128.0,100.0,2000.0,62837,23.0,bugdoc
0,0.9,1.0,499200.0,499200.0,1866000000.0,1.0,0.0,60.0,500.0,80.0,3.0,2.0,60.0,0.0,1.0,1.0,950000.0,30.0,30.0,50.0,4.0,65536.0,24000000.0,128.0,100.0,2000.0,61119,23.0,bugdoc
0,0.9,1.0,499200.0,1804800.0,1866000000.0,1.0,0.0,60.0,500.0,80.0,3.0,2.0,60.0,0.0,1.0,1.0,950000.0,30.0,30.0,50.0,4.0,65536.0,24000000.0,128.0,100.0,2000.0,65522,23.0,bugdoc
0,0.9,1.0,806400.0,499200.0,1866000000.0,1.0,0.0,60.0,500.0,80.0,3.0,2.0,60.0,0.0,1.0,1.0,950000.0,30.0,30.0,50.0,4.0,65536.0,24000000.0,128.0,100.0,2000.0,62020,23.0,bugdoc
0,0.9,1.0,1804800.0,499200.0,1866000000.0,1.0,0.0,60.0,500.0,80.0,3.0,2.0,60.0,0.0,1.0,1.0,950000.0,30.0,30.0,50.0,4.0,65536.0,24000000.0,128.0,100.0,2000.0,61989,23.0,bugdoc
0,0.9,1.0,499200.0,499200.0,1866000000.0,1.0,0.0,60.0,500.0,80.0,3.0,2.0,60.0,0.0,1.0,1.0,950000.0,30.0,30.0,50.0,4.0,65536.0,24000000.0,128.0,100.0,2000.0,61464,23.0,bugdoc
0,0.9,1.0,499200.0,499200.0,1866000000.0,1.0,0.0,60.0,500.0,80.0,0.0,2.0,60.0,0.0,1.0,1.0,950000.0,30.0,30.0,50.0,4.0,65536.0,24000000.0,128.0,100.0,2000.0,61791,23.0,bugdoc
0,0.9,1.0,806400.0,268800.0,1866000000.0,2.0,0.0,60.0,500.0,80.0,3.0,2.0,60.0,0.0,1.0,1.0,950000.0,30.0,30.0,50.0,4.0,65536.0,24000000.0,128.0,100.0,2000.0,62835,23.0,bugdoc
0,0.9,1.0,806400.0,268800.0,1866000000.0,2.0,0.0,100.0,500.0,80.0,3.0,2.0,60.0,0.0,1.0,1.0,950000.0,60.0,30.0,50.0,4.0,65536.0,24000000.0,128.0,100.0,2000.0,58035,23.0,bugdoc
0,0.9,1.0,2265600.0,1804800.0,1866000000.0,1.0,0.0,60.0,500.0,80.0,3.0,2.0,60.0,0.0,1.0,1.0,950000.0,30.0,30.0,50.0,4.0,65536.0,24000000.0,128.0,100.0,2000.0,60351,23.0,bugdoc
0,0.9,1.0,806400.0,268800.0,1866000000.0,2.0,0.0,100.0,500.0,80.0,3.0,2.0,60.0,0.0,1.0,1.0,950000.0,30.0,30.0,50.0,4.0,65536.0,24000000.0,128.0,100.0,2000.0,58593,23.0,bugdoc
0,0.9,1.0,806400.0,268800.0,1866000000.0,1.0,0.0,60.0,500.0,80.0,3.0,2.0,60.0,0.0,1.0,1.0,950000.0,30.0,30.0,50.0,4.0,65536.0,24000000.0,128.0,100.0,2000.0,61523,23.0,bugdoc
0,0.9,1.0,2035200.0,499200.0,600000000.0,2.0,0.0,60.0,100.0,80.0,0.0,2.0,50.0,1.0,1.0,1.0,500000.0,60.0,60.0,50.0,1.0,32768.0,24000000.0,128.0,50.0,2000.0,56188,24.0,bugdoc
0,0.9,1.0,2035200.0,499200.0,1331200000.0,2.0,0.0,60.0,100.0,80.0,0.0,2.0,50.0,1.0,1.0,0.0,500000.0,60.0,60.0,50.0,1.0,32768.0,96000000.0,128.0,50.0,2000.0,53302,24.0,bugdoc
0,0.9,1.0,2035200.0,499200.0,1866000000.0,2.0,0.0,60.0,100.0,80.0,0.0,2.0,50.0,1.0,1.0,0.0,500000.0,60.0,60.0,50.0,1.0,32768.0,24000000.0,128.0,50.0,2000.0,50965,24.0,bugdoc
0,0.9,1.0,2035200.0,499200.0,1331200000.0,2.0,0.0,60.0,100.0,80.0,0.0,2.0,50.0,0.0,1.0,0.0,500000.0,60.0,60.0,50.0,1.0,32768.0,96000000.0,128.0,100.0,2000.0,51202,24.0,bugdoc
0,0.5,1.0,2035200.0,499200.0,1331200000.0,2.0,0.0,60.0,100.0,80.0,0.0,2.0,50.0,1.0,1.0,0.0,500000.0,60.0,60.0,5.0,1.0,32768.0,96000000.0,128.0,50.0,2000.0,51504,24.0,bugdoc
0,0.9,1.0,2035200.0,499200.0,600000000.0,2.0,0.0,60.0,100.0,80.0,0.0,2.0,50.0,1.0,1.0,1.0,500000.0,60.0,60.0,50.0,1.0,32768.0,96000000.0,128.0,50.0,1000.0,52547,24.0,bugdoc
0,0.9,1.0,2035200.0,2265600.0,1331200000.0,2.0,0.0,60.0,100.0,80.0,0.0,2.0,50.0,1.0,1.0,0.0,500000.0,60.0,60.0,50.0,1.0,32768.0,96000000.0,128.0,50.0,2000.0,56180,24.0,bugdoc
0,0.9,2.0,2035200.0,499200.0,1331200000.0,2.0,0.0,60.0,100.0,80.0,0.0,2.0,50.0,1.0,1.0,0.0,500000.0,60.0,60.0,50.0,1.0,32768.0,96000000.0,128.0,50.0,2000.0,53059,24.0,bugdoc
0,0.9,1.0,2035200.0,499200.0,1331200000.0,2.0,0.0,60.0,100.0,80.0,0.0,2.0,50.0,0.0,1.0,0.0,500000.0,60.0,60.0,50.0,1.0,32768.0,96000000.0,128.0,50.0,2000.0,57872,24.0,bugdoc
0,0.9,1.0,2035200.0,499200.0,1331200000.0,2.0,0.0,60.0,100.0,80.0,0.0,2.0,50.0,1.0,1.0,0.0,500000.0,60.0,60.0,50.0,1.0,32768.0,96000000.0,128.0,50.0,2000.0,51847,24.0,bugdoc
0,0.9,1.0,2035200.0,499200.0,1331200000.0,2.0,0.0,60.0,100.0,80.0,0.0,2.0,50.0,1.0,2.0,1.0,500000.0,60.0,60.0,50.0,1.0,65536.0,96000000.0,128.0,50.0,1000.0,52389,24.0,bugdoc
0,0.9,1.0,2035200.0,499200.0,1866000000.0,2.0,0.0,60.0,100.0,80.0,0.0,2.0,50.0,1.0,1.0,1.0,500000.0,60.0,60.0,50.0,1.0,32768.0,96000000.0,128.0,50.0,1000.0,51057,24.0,bugdoc
0,0.9,1.0,2035200.0,499200.0,1331200000.0,2.0,0.0,60.0,100.0,80.0,0.0,2.0,50.0,1.0,1.0,1.0,500000.0,60.0,60.0,50.0,1.0,32768.0,96000000.0,128.0,50.0,2000.0,52380,24.0,bugdoc
0,0.9,1.0,499200.0,2265600.0,1331200000.0,2.0,0.0,60.0,100.0,80.0,0.0,2.0,50.0,1.0,1.0,0.0,500000.0,60.0,30.0,50.0,1.0,32768.0,96000000.0,128.0,50.0,2000.0,51553,24.0,bugdoc
0,0.9,1.0,1804800.0,2265600.0,1331200000.0,1.0,0.0,60.0,100.0,80.0,0.0,2.0,50.0,1.0,1.0,0.0,500000.0,60.0,30.0,50.0,1.0,32768.0,96000000.0,128.0,50.0,2000.0,56075,24.0,bugdoc
0,0.9,1.0,2035200.0,499200.0,2133000000.0,2.0,0.0,60.0,100.0,80.0,0.0,2.0,50.0,1.0,1.0,1.0,500000.0,60.0,60.0,50.0,1.0,32768.0,24000000.0,128.0,50.0,2000.0,53574,24.0,bugdoc
0,0.9,1.0,2035200.0,1420800.0,600000000.0,2.0,0.0,60.0,100.0,80.0,0.0,2.0,50.0,1.0,1.0,0.0,500000.0,60.0,60.0,50.0,1.0,32768.0,24000000.0,128.0,50.0,2000.0,52842,24.0,bugdoc
0,0.9,2.0,1420800.0,1804800.0,800000000.0,4.0,0.0,60.0,100.0,10.0,0.0,2.0,60.0,1.0,2.0,1.0,950000.0,30.0,60.0,50.0,1.0,32768.0,96000000.0,256.0,50.0,1000.0,63118,25.0,bugdoc
0,0.9,2.0,499200.0,499200.0,800000000.0,4.0,0.0,60.0,100.0,10.0,3.0,2.0,60.0,1.0,2.0,1.0,950000.0,30.0,60.0,50.0,1.0,32768.0,96000000.0,256.0,50.0,1000.0,63571,25.0,bugdoc
0,0.9,2.0,499200.0,1804800.0,800000000.0,4.0,0.0,60.0,100.0,10.0,0.0,2.0,60.0,1.0,2.0,1.0,950000.0,30.0,60.0,50.0,1.0,32768.0,96000000.0,256.0,50.0,1000.0,65894,25.0,bugdoc
0,0.9,2.0,2112000.0,499200.0,800000000.0,4.0,0.0,60.0,100.0,10.0,0.0,2.0,60.0,1.0,2.0,1.0,950000.0,30.0,60.0,50.0,1.0,32768.0,96000000.0,256.0,50.0,1000.0,63565,25.0,bugdoc
0,0.9,2.0,1804800.0,499200.0,800000000.0,4.0,0.0,60.0,100.0,10.0,0.0,2.0,60.0,1.0,2.0,1.0,950000.0,30.0,60.0,50.0,1.0,32768.0,96000000.0,256.0,50.0,1000.0,63370,25.0,bugdoc
0,0.9,2.0,499200.0,499200.0,800000000.0,4.0,0.0,60.0,100.0,10.0,0.0,2.0,60.0,1.0,2.0,1.0,950000.0,30.0,60.0,50.0,1.0,32768.0,96000000.0,256.0,50.0,1000.0,60485,25.0,bugdoc
0,0.9,2.0,499200.0,499200.0,800000000.0,4.0,0.0,60.0,100.0,10.0,0.0,2.0,60.0,1.0,2.0,1.0,950000.0,30.0,60.0,50.0,1.0,32768.0,96000000.0,256.0,50.0,1000.0,64441,25.0,bugdoc
0,0.9,2.0,2112000.0,268800.0,800000000.0,2.0,0.0,60.0,100.0,10.0,0.0,2.0,60.0,1.0,2.0,1.0,950000.0,30.0,60.0,50.0,1.0,32768.0,96000000.0,256.0,50.0,1000.0,62321,25.0,bugdoc
0,0.9,2.0,2112000.0,268800.0,800000000.0,2.0,0.0,100.0,100.0,10.0,0.0,2.0,60.0,1.0,2.0,1.0,950000.0,60.0,60.0,50.0,1.0,32768.0,96000000.0,256.0,50.0,1000.0,57998,25.0,bugdoc
0,0.9,2.0,2265600.0,1804800.0,800000000.0,4.0,0.0,60.0,100.0,10.0,0.0,2.0,60.0,1.0,2.0,1.0,950000.0,30.0,60.0,50.0,1.0,32768.0,96000000.0,256.0,50.0,1000.0,62890,25.0,bugdoc
0,0.9,2.0,2112000.0,268800.0,800000000.0,2.0,0.0,100.0,100.0,10.0,0.0,2.0,60.0,1.0,1.0,1.0,950000.0,30.0,60.0,50.0,1.0,32768.0,96000000.0,256.0,50.0,1000.0,62129,25.0,bugdoc
0,0.9,2.0,2112000.0,268800.0,800000000.0,1.0,0.0,60.0,500.0,10.0,0.0,2.0,60.0,1.0,2.0,1.0,950000.0,30.0,60.0,50.0,1.0,32768.0,96000000.0,256.0,50.0,1000.0,59946,25.0,bugdoc
0,0.5,2.0,1420800.0,1804800.0,600000000.0,2.0,0.0,60.0,500.0,80.0,3.0,2.0,50.0,1.0,2.0,1.0,950000.0,30.0,30.0,5.0,1.0,32768.0,24000000.0,128.0,50.0,2000.0,60456,26.0,bugdoc
0,0.5,2.0,1420800.0,499200.0,600000000.0,2.0,0.0,60.0,500.0,80.0,3.0,2.0,50.0,1.0,2.0,1.0,950000.0,30.0,30.0,5.0,1.0,32768.0,24000000.0,128.0,50.0,2000.0,63087,26.0,bugdoc
0,0.5,1.0,1420800.0,499200.0,600000000.0,2.0,0.0,60.0,500.0,80.0,3.0,2.0,50.0,1.0,2.0,1.0,950000.0,30.0,30.0,5.0,1.0,32768.0,24000000.0,128.0,50.0,2000.0,60687,26.0,bugdoc
0,0.5,2.0,499200.0,1804800.0,600000000.0,2.0,0.0,60.0,500.0,80.0,3.0,2.0,50.0,1.0,2.0,1.0,950000.0,30.0,30.0,5.0,1.0,32768.0,24000000.0,128.0,50.0,2000.0,61800,26.0,bugdoc
0,0.5,2.0,1420800.0,499200.0,1866000000.0,2.0,0.0,60.0,500.0,80.0,3.0,2.0,50.0,1.0,2.0,1.0,950000.0,30.0,30.0,5.0,1.0,32768.0,24000000.0,128.0,50.0,2000.0,60241,26.0,bugdoc
0,0.5,2.0,499200.0,499200.0,1866000000.0,2.0,0.0,60.0,100.0,80.0,3.0,2.0,50.0,1.0,2.0,1.0,950000.0,30.0,30.0,5.0,1.0,32768.0,24000000.0,128.0,50.0,2000.0,57539,26.0,bugdoc
0,0.5,2.0,1420800.0,499200.0,1866000000.0,2.0,0.0,60.0,500.0,80.0,3.0,2.0,50.0,1.0,2.0,1.0,950000.0,30.0,30.0,5.0,1.0,65536.0,24000000.0,128.0,50.0,2000.0,62461,26.0,bugdoc
0,0.5,2.0,499200.0,499200.0,1866000000.0,2.0,0.0,60.0,500.0,80.0,3.0,2.0,50.0,1.0,2.0,1.0,950000.0,30.0,30.0,5.0,1.0,32768.0,24000000.0,128.0,50.0,2000.0,61924,26.0,bugdoc
0,0.5,2.0,499200.0,268800.0,1866000000.0,2.0,0.0,60.0,500.0,80.0,3.0,2.0,50.0,1.0,2.0,1.0,950000.0,30.0,30.0,5.0,1.0,32768.0,24000000.0,128.0,50.0,2000.0,61017,26.0,bugdoc
0,0.5,2.0,1420800.0,499200.0,408000000.0,2.0,0.0,60.0,500.0,80.0,3.0,2.0,50.0,1.0,2.0,1.0,950000.0,30.0,30.0,5.0,1.0,32768.0,24000000.0,128.0,50.0,2000.0,57211,26.0,bugdoc
0,0.5,1.0,499200.0,499200.0,1866000000.0,2.0,0.0,60.0,500.0,80.0,3.0,2.0,50.0,1.0,2.0,1.0,950000.0,30.0,30.0,5.0,1.0,32768.0,24000000.0,128.0,50.0,2000.0,57418,26.0,bugdoc
0,0.5,1.0,1420800.0,499200.0,408000000.0,2.0,0.0,60.0,500.0,80.0,3.0,2.0,50.0,1.0,2.0,1.0,950000.0,30.0,30.0,5.0,1.0,32768.0,24000000.0,128.0,50.0,2000.0,63135,26.0,bugdoc
0,0.5,2.0,806400.0,1804800.0,204000000.0,2.0,0.0,60.0,500.0,80.0,3.0,2.0,50.0,1.0,2.0,1.0,950000.0,30.0,30.0,5.0,1.0,32768.0,24000000.0,128.0,50.0,2000.0,56726,26.0,bugdoc
0,0.5,2.0,499200.0,1804800.0,600000000.0,1.0,0.0,60.0,500.0,80.0,3.0,2.0,50.0,1.0,2.0,1.0,950000.0,30.0,30.0,5.0,1.0,32768.0,24000000.0,128.0,50.0,2000.0,59278,26.0,bugdoc
0,0.5,1.0,499200.0,499200.0,1866000000.0,2.0,0.0,60.0,500.0,10.0,3.0,2.0,50.0,1.0,2.0,1.0,950000.0,30.0,30.0,5.0,1.0,32768.0,24000000.0,128.0,50.0,2000.0,57380,26.0,bugdoc
0,0.5,2.0,806400.0,1804800.0,204000000.0,2.0,1.0,60.0,500.0,80.0,3.0,2.0,50.0,1.0,2.0,1.0,950000.0,30.0,30.0,5.0,1.0,32768.0,24000000.0,128.0,50.0,2000.0,62766,26.0,bugdoc
0,0.5,1.0,1267200.0,499200.0,600000000.0,1.0,1.0,60.0,100.0,10.0,0.0,1.0,60.0,0.0,1.0,1.0,950000.0,60.0,60.0,5.0,4.0,65536.0,24000000.0,256.0,100.0,2000.0,55109,27.0,bugdoc
0,0.5,1.0,1267200.0,499200.0,1331200000.0,1.0,1.0,60.0,100.0,10.0,0.0,1.0,60.0,1.0,1.0,0.0,950000.0,60.0,60.0,5.0,4.0,65536.0,96000000.0,256.0,100.0,1000.0,56402,27.0,bugdoc
0,0.5,1.0,1267200.0,499200.0,1331200000.0,1.0,1.0,60.0,100.0,10.0,0.0,1.0,60.0,0.0,1.0,0.0,950000.0,60.0,60.0,5.0,4.0,65536.0,96000000.0,256.0,100.0,1000.0,55837,27.0,bugdoc
0,0.5,1.0,1267200.0,499200.0,1866000000.0,1.0,1.0,60.0,100.0,10.0,0.0,1.0,60.0,0.0,1.0,0.0,950000.0,60.0,60.0,5.0,4.0,65536.0,96000000.0,256.0,100.0,1000.0,55149,27.0,bugdoc
0,0.5,1.0,1267200.0,499200.0,600000000.0,1.0,1.0,60.0,100.0,10.0,0.0,1.0,60.0,0.0,1.0,1.0,950000.0,60.0,60.0,5.0,4.0,65536.0,96000000.0,256.0,100.0,1000.0,54141,27.0,bugdoc
0,0.5,1.0,1267200.0,499200.0,1866000000.0,1.0,1.0,60.0,100.0,10.0,0.0,1.0,60.0,0.0,1.0,0.0,950000.0,60.0,60.0,5.0,4.0,65536.0,24000000.0,256.0,100.0,1000.0,52127,27.0,bugdoc
0,0.5,1.0,1267200.0,2265600.0,1331200000.0,1.0,1.0,60.0,100.0,10.0,0.0,1.0,60.0,0.0,1.0,0.0,950000.0,60.0,60.0,5.0,4.0,65536.0,96000000.0,256.0,100.0,1000.0,53328,27.0,bugdoc
0,0.9,2.0,1267200.0,499200.0,1331200000.0,1.0,1.0,60.0,100.0,10.0,0.0,1.0,60.0,0.0,1.0,0.0,950000.0,60.0,60.0,5.0,4.0,65536.0,96000000.0,256.0,100.0,1000.0,54575,27.0,bugdoc
0,0.5,1.0,1267200.0,499200.0,1331200000.0,1.0,1.0,60.0,100.0,10.0,0.0,1.0,60.0,0.0,1.0,0.0,950000.0,60.0,60.0,5.0,4.0,65536.0,96000000.0,256.0,50.0,1000.0,56808,27.0,bugdoc
0,0.5,1.0,1267200.0,499200.0,1331200000.0,1.0,1.0,60.0,100.0,10.0,0.0,1.0,60.0,0.0,2.0,1.0,950000.0,60.0,60.0,5.0,4.0,65536.0,96000000.0,256.0,100.0,1000.0,50682,27.0,bugdoc
0,0.9,1.0,1267200.0,499200.0,1331200000.0,1.0,1.0,60.0,100.0,10.0,0.0,1.0,60.0,0.0,1.0,0.0,950000.0,60.0,60.0,5.0,4.0,65536.0,96000000.0,256.0,100.0,1000.0,55528,27.0,bugdoc
0,0.5,1.0,1267200.0,499200.0,1866000000.0,1.0,1.0,60.0,100.0,10.0,0.0,1.0,60.0,0.0,1.0,1.0,950000.0,60.0,60.0,5.0,4.0,65536.0,96000000.0,256.0,100.0,1000.0,52947,27.0,bugdoc
0,0.5,1.0,1267200.0,499200.0,1331200000.0,1.0,1.0,60.0,100.0,10.0,0.0,1.0,60.0,0.0,1.0,1.0,950000.0,60.0,60.0,5.0,4.0,65536.0,96000000.0,256.0,100.0,2000.0,54571,27.0,bugdoc
0,0.5,1.0,499200.0,2265600.0,1331200000.0,1.0,1.0,60.0,100.0,10.0,0.0,1.0,60.0,0.0,1.0,0.0,950000.0,60.0,30.0,5.0,4.0,65536.0,96000000.0,256.0,100.0,1000.0,55083,27.0,bugdoc
0,0.5,1.0,1804800.0,2265600.0,1331200000.0,1.0,1.0,60.0,100.0,10.0,0.0,1.0,60.0,0.0,1.0,0.0,950000.0,60.0,30.0,5.0,4.0,65536.0,96000000.0,256.0,100.0,1000.0,54031,27.0,bugdoc
0,0.5,1.0,1267200.0,499200.0,2133000000.0,1.0,1.0,60.0,100.0,10.0,0.0,1.0,60.0,0.0,1.0,1.0,950000.0,60.0,60.0,5.0,4.0,65536.0,24000000.0,256.0,100.0,2000.0,57101,27.0,bugdoc
0,0.5,1.0,1651200.0,499200.0,600000000.0,2.0,1.0,100.0,500.0,80.0,3.0,1.0,50.0,1.0,2.0,1.0,500000.0,30.0,60.0,5.0,1.0,32768.0,24000000.0,256.0,50.0,2000.0,53126,28.0,bugdoc
0,0.5,1.0,1651200.0,1804800.0,600000000.0,2.0,1.0,100.0,500.0,80.0,3.0,1.0,50.0,1.0,2.0,0.0,500000.0,30.0,60.0,5.0,1.0,32768.0,24000000.0,256.0,50.0,1000.0,49962,28.0,bugdoc
0,0.5,1.0,1651200.0,499200.0,800000000.0,2.0,1.0,100.0,500.0,80.0,3.0,1.0,50.0,1.0,2.0,0.0,500000.0,30.0,30.0,5.0,1.0,32768.0,24000000.0,256.0,50.0,1000.0,53190,28.0,bugdoc
0,0.5,1.0,1651200.0,499200.0,1866000000.0,2.0,1.0,100.0,500.0,80.0,3.0,1.0,50.0,1.0,2.0,0.0,500000.0,30.0,60.0,5.0,1.0,32768.0,96000000.0,256.0,50.0,1000.0,56026,28.0,bugdoc
0,0.5,1.0,1651200.0,499200.0,600000000.0,2.0,1.0,100.0,500.0,80.0,3.0,1.0,50.0,1.0,1.0,1.0,500000.0,30.0,60.0,5.0,1.0,32768.0,24000000.0,256.0,50.0,1000.0,54804,28.0,bugdoc
0,0.5,1.0,1651200.0,499200.0,1866000000.0,2.0,1.0,100.0,500.0,10.0,3.0,1.0,50.0,1.0,2.0,0.0,500000.0,30.0,60.0,5.0,1.0,32768.0,24000000.0,256.0,50.0,1000.0,54720,28.0,bugdoc
0,0.9,2.0,1651200.0,499200.0,800000000.0,2.0,1.0,100.0,500.0,80.0,3.0,1.0,50.0,1.0,2.0,0.0,500000.0,30.0,60.0,5.0,1.0,32768.0,96000000.0,256.0,50.0,1000.0,51532,28.0,bugdoc
0,0.9,1.0,1651200.0,499200.0,800000000.0,2.0,1.0,100.0,500.0,80.0,3.0,1.0,50.0,1.0,2.0,0.0,500000.0,30.0,60.0,5.0,1.0,32768.0,96000000.0,256.0,50.0,1000.0,49792,28.0,bugdoc
0,0.5,1.0,1651200.0,499200.0,800000000.0,2.0,1.0,100.0,500.0,10.0,3.0,1.0,50.0,0.0,2.0,0.0,500000.0,30.0,30.0,5.0,1.0,32768.0,24000000.0,256.0,50.0,1000.0,53911,28.0,bugdoc
0,0.5,1.0,1651200.0,499200.0,800000000.0,2.0,1.0,100.0,500.0,80.0,3.0,1.0,50.0,1.0,2.0,1.0,500000.0,30.0,60.0,5.0,1.0,65536.0,24000000.0,256.0,50.0,1000.0,51579,28.0,bugdoc
0,0.5,1.0,1651200.0,499200.0,1866000000.0,2.0,1.0,100.0,500.0,80.0,3.0,1.0,50.0,1.0,1.0,1.0,500000.0,30.0,60.0,5.0,1.0,32768.0,24000000.0,256.0,50.0,1000.0,55616,28.0,bugdoc
0,0.5,1.0,1651200.0,499200.0,800000000.0,2.0,1.0,100.0,500.0,80.0,3.0,1.0,50.0,1.0,2.0,1.0,500000.0,30.0,60.0,5.0,1.0,32768.0,96000000.0,256.0,50.0,2000.0,52384,28.0,bugdoc
0,0.5,1.0,1651200.0,1804800.0,408000000.0,2.0,1.0,100.0,500.0,80.0,3.0,1.0,50.0,1.0,2.0,0.0,500000.0,30.0,60.0,5.0,1.0,32768.0,24000000.0,256.0,50.0,2000.0,54824,28.0,bugdoc
0,0.5,1.0,1651200.0,499200.0,800000000.0,2.0,1.0,100.0,500.0,10.0,3.0,1.0,50.0,1.0,2.0,0.0,500000.0,30.0,30.0,5.0,1.0,32768.0,24000000.0,256.0,50.0,1000.0,55431,28.0,bugdoc
0,0.5,1.0,499200.0,2265600.0,800000000.0,2.0,1.0,60.0,500.0,80.0,3.0,1.0,50.0,1.0,2.0,0.0,500000.0,30.0,30.0,5.0,1.0,32768.0,24000000.0,256.0,50.0,1000.0,56123,28.0,bugdoc
0,0.5,1.0,1804800.0,499200.0,800000000.0,2.0,1.0,100.0,500.0,80.0,3.0,1.0,50.0,1.0,2.0,0.0,500000.0,30.0,30.0,5.0,1.0,32768.0,24000000.0,256.0,50.0,1000.0,50554,28.0,bugdoc
0,0.5,1.0,1651200.0,499200.0,2133000000.0,2.0,1.0,100.0,500.0,80.0,3.0,1.0,50.0,1.0,2.0,1.0,500000.0,30.0,60.0,5.0,1.0,32768.0,24000000.0,256.0,50.0,2000.0,54769,28.0,bugdoc
0,0.5,1.0,1651200.0,499200.0,800000000.0,2.0,1.0,100.0,500.0,80.0,3.0,1.0,50.0,1.0,2.0,0.0,500000.0,60.0,60.0,5.0,1.0,32768.0,24000000.0,256.0,50.0,1000.0,49706,28.0,bugdoc
